gene_idx,frame,action_id,action_name,mario_x,mario_y,vel_x,vel_y,float_state,on_ground,delta_x
1,4,4,Right+Jump,40,160,2,-4,1,0,0
2,8,1,Right,41,149,5,-2,1,0,1
3,12,3,Jump,42,145,5,0,1,0,1
4,16,7,Right+Run,44,147,7,1,1,0,2
5,20,9,Right+Jump+Run,46,157,10,3,1,0,2
6,24,1,Right,49,173,12,4,1,0,3
7,28,4,Right+Jump,52,176,14,0,0,1,3
8,32,3,Jump,55,176,12,0,0,1,3
9,36,9,Right+Jump+Run,59,176,16,0,0,1,4
10,40,0,NOOP,62,176,13,0,0,1,3
11,44,7,Right+Run,66,176,17,0,0,1,4
12,48,11,Down,70,176,14,0,0,1,4
13,52,9,Right+Jump+Run,74,160,17,-4,1,0,4
14,56,8,Left+Run,78,149,14,-2,1,0,4
15,60,4,Right+Jump,82,145,17,0,1,0,4
16,64,1,Right,86,147,19,1,1,0,4
17,68,11,Down,91,157,19,3,1,0,5
18,72,11,Down,96,173,19,4,1,0,5
19,76,1,Right,101,176,21,0,0,1,5
20,80,4,Right+Jump,107,160,24,-4,1,0,6
21,84,9,Right+Jump+Run,113,147,24,-4,1,0,6
22,88,1,Right,119,137,24,-2,1,0,6
23,92,9,Right+Jump+Run,125,133,24,-1,1,0,6
24,96,1,Right,131,135,24,1,1,0,6
25,100,2,Left,137,143,22,2,1,0,6
26,104,7,Right+Run,142,157,24,4,1,0,5
27,108,1,Right,148,174,24,4,1,0,6
28,112,4,Right+Jump,154,176,24,0,0,1,6
29,116,9,Right+Jump+Run,161,176,28,0,0,1,7
30,120,7,Right+Run,169,176,31,0,0,1,8
31,124,1,Right,177,176,35,0,0,1,8
32,128,7,Right+Run,186,176,38,0,0,1,9
33,132,11,Down,195,176,35,0,0,1,9
34,136,5,Left+Jump,203,156,32,-5,1,0,8
35,140,9,Right+Jump+Run,212,140,35,-4,1,0,9
36,144,9,Right+Jump+Run,221,126,39,-4,1,0,9
37,148,7,Right+Run,231,117,40,-1,1,0,10
38,152,9,Right+Jump+Run,241,117,40,1,1,0,10
39,156,1,Right,242,125,0,3,1,0,1
40,160,7,Right+Run,242,141,4,4,1,0,0
41,164,9,Right+Jump+Run,244,157,7,4,1,0,2
42,168,9,Right+Jump+Run,246,173,10,4,1,0,2
43,172,9,Right+Jump+Run,249,176,14,0,0,1,3
44,176,9,Right+Jump+Run,253,176,17,0,0,1,4
45,180,9,Right+Jump+Run,258,176,21,0,0,1,5
46,184,2,Left,263,176,17,0,0,1,5
47,188,1,Right,268,176,21,0,0,1,5
48,192,9,Right+Jump+Run,273,160,24,-4,1,0,5
49,196,4,Right+Jump,279,147,24,-4,1,0,6
50,200,1,Right,285,137,24,-2,1,0,6
51,204,6,Run,291,133,24,-1,1,0,6
52,208,11,Down,297,135,24,1,1,0,6
53,212,1,Right,303,143,24,2,1,0,6
54,216,1,Right,309,157,24,4,1,0,6
55,220,6,Run,315,174,24,4,1,0,6
56,224,9,Right+Jump+Run,321,176,26,0,0,1,6
57,228,9,Right+Jump+Run,329,176,30,0,0,1,8
58,232,11,Down,336,176,27,0,0,1,7
59,236,7,Right+Run,343,176,30,0,0,1,7
60,240,11,Down,350,176,27,0,0,1,7
61,244,4,Right+Jump,357,156,30,-5,1,0,7
62,248,9,Right+Jump+Run,365,140,34,0,1,0,8
63,252,1,Right,374,144,38,2,1,0,9
64,256,9,Right+Jump+Run,384,158,40,4,1,0,10
65,260,9,Right+Jump+Run,394,174,40,4,1,0,10
66,264,3,Jump,404,176,37,0,0,1,10
67,268,3,Jump,413,176,34,0,0,1,9
68,272,5,Left+Jump,420,176,28,0,0,1,7
69,276,5,Left+Jump,426,176,22,0,0,1,6
70,280,7,Right+Run,433,176,26,0,0,1,7
71,284,7,Right+Run,434,176,0,0,0,1,1
72,288,1,Right,434,176,0,0,0,1,0
73,292,9,Right+Jump+Run,434,160,1,-4,1,0,0
74,296,4,Right+Jump,434,147,4,-3,1,0,0
75,300,9,Right+Jump+Run,436,136,6,-3,1,0,2
76,304,9,Right+Jump+Run,438,127,9,-2,1,0,2
77,308,1,Right,440,121,11,-1,1,0,2
78,312,11,Down,443,123,11,1,1,0,3
79,316,9,Right+Jump+Run,446,131,13,3,1,0,3
80,320,9,Right+Jump+Run,450,144,16,0,0,1,4
81,324,1,Right,454,144,18,0,0,1,4
82,328,9,Right+Jump+Run,459,128,20,-4,1,0,5
83,332,5,Left+Jump,464,115,18,-4,1,0,5
84,336,6,Run,468,105,18,-2,1,0,4
85,340,4,Right+Jump,473,101,20,-1,1,0,5
86,344,7,Right+Run,479,103,23,1,1,0,6
87,348,1,Right,484,111,24,2,1,0,5
88,352,8,Left+Run,490,125,22,4,1,0,6
89,356,9,Right+Jump+Run,496,142,24,4,1,0,6
90,360,9,Right+Jump+Run,502,158,24,4,1,0,6
91,364,7,Right+Run,508,175,24,4,1,0,6
92,368,9,Right+Jump+Run,514,176,26,0,0,1,6
93,372,9,Right+Jump+Run,521,176,30,0,0,1,7
94,376,9,Right+Jump+Run,529,176,33,0,0,1,8
95,380,9,Right+Jump+Run,538,176,37,0,0,1,9
96,384,6,Run,547,176,34,0,0,1,9
97,388,2,Left,554,176,28,0,0,1,7
98,392,1,Right,561,176,24,0,0,1,7
99,396,0,NOOP,566,176,22,0,0,1,5
100,400,3,Jump,572,160,22,-4,1,0,6
101,404,9,Right+Jump+Run,578,147,24,-4,1,0,6
102,408,1,Right,584,137,24,-2,1,0,6
103,412,11,Down,590,133,24,-1,1,0,6
104,416,1,Right,595,135,0,1,1,0,5
105,420,7,Right+Run,594,143,1,2,1,0,-1
106,424,3,Jump,594,157,1,4,1,0,0
107,428,2,Left,594,174,-2,4,1,0,0
108,432,7,Right+Run,594,176,2,0,0,1,0
109,436,9,Right+Jump+Run,594,160,0,-4,1,0,0
110,440,1,Right,594,149,3,-2,1,0,0
111,444,9,Right+Jump+Run,594,145,0,0,1,0,0
112,448,9,Right+Jump+Run,594,147,3,1,1,0,0
113,452,7,Right+Run,594,157,1,3,1,0,0
114,456,9,Right+Jump+Run,594,173,3,4,1,0,0
115,460,7,Right+Run,594,176,1,0,0,1,0
116,464,1,Right,594,176,0,0,0,1,0
117,468,9,Right+Jump+Run,594,160,2,-4,1,0,0
118,472,9,Right+Jump+Run,594,147,0,-3,1,0,0
119,476,4,Right+Jump,594,136,2,-3,1,0,0
120,480,0,NOOP,594,128,2,-1,1,0,0
121,484,11,Down,595,128,2,1,1,0,1
122,488,2,Left,595,135,-1,2,1,0,0
123,492,9,Right+Jump+Run,594,148,1,4,1,0,-1
124,496,9,Right+Jump+Run,594,165,0,4,1,0,0
125,500,9,Right+Jump+Run,594,176,2,0,0,1,0
126,504,7,Right+Run,594,176,0,0,0,1,0
127,508,9,Right+Jump+Run,594,160,2,-4,1,0,0
128,512,9,Right+Jump+Run,594,147,0,-3,1,0,0
129,516,9,Right+Jump+Run,594,136,2,-3,1,0,0
130,520,9,Right+Jump+Run,595,127,5,-2,1,0,1
131,524,7,Right+Run,597,121,7,-1,1,0,2
132,528,5,Left+Jump,598,123,5,1,1,0,1
133,532,9,Right+Jump+Run,600,128,8,0,0,1,2
134,536,9,Right+Jump+Run,602,128,11,0,0,1,2
135,540,4,Right+Jump,605,128,15,0,0,1,3
136,544,1,Right,610,128,18,0,0,1,5
137,548,9,Right+Jump+Run,614,112,21,-4,1,0,4
138,552,7,Right+Run,620,100,23,-3,1,0,6
139,556,8,Left+Run,625,94,21,-1,1,0,5
140,560,9,Right+Jump+Run,631,95,23,0,1,0,6
141,564,9,Right+Jump+Run,637,101,24,2,1,0,6
142,568,4,Right+Jump,643,113,24,3,1,0,6
143,572,9,Right+Jump+Run,649,130,24,4,1,0,6
144,576,3,Jump,655,146,24,4,1,0,6
145,580,4,Right+Jump,661,163,24,4,1,0,6
146,584,2,Left,667,164,22,-4,1,0,6
147,588,1,Right,672,153,24,-2,1,0,5
148,592,11,Down,678,148,24,-1,1,0,6
149,596,6,Run,684,150,24,1,1,0,6
150,600,7,Right+Run,690,157,24,2,1,0,6
151,604,8,Left+Run,696,170,21,4,1,0,6
152,608,9,Right+Jump+Run,702,176,24,0,0,1,6
153,612,9,Right+Jump+Run,708,176,28,0,0,1,6
154,616,9,Right+Jump+Run,716,176,32,0,0,1,8
155,620,1,Right,723,176,0,0,0,1,7
156,624,3,Jump,722,156,0,-5,1,0,-1
157,628,4,Right+Jump,722,140,2,-4,1,0,0
158,632,4,Right+Jump,722,126,0,-4,1,0,0
159,636,9,Right+Jump+Run,722,114,2,-3,1,0,0
160,640,9,Right+Jump+Run,723,105,6,-2,1,0,1
161,644,3,Jump,725,99,6,-2,1,0,2
162,648,6,Run,726,97,6,1,1,0,1
163,652,4,Right+Jump,728,104,9,3,1,0,2
164,656,9,Right+Jump+Run,731,112,12,0,0,1,3
165,660,7,Right+Run,734,112,16,0,0,1,3
166,664,1,Right,739,112,19,0,0,1,5
167,668,9,Right+Jump+Run,744,96,22,-4,1,0,5
168,672,4,Right+Jump,750,83,24,-4,1,0,6
169,676,7,Right+Run,756,73,24,-2,1,0,6
170,680,7,Right+Run,762,69,24,-1,1,0,6
171,684,5,Left+Jump,767,71,21,1,1,0,5
172,688,9,Right+Jump+Run,773,79,24,2,1,0,6
173,692,1,Right,779,93,24,4,1,0,6
174,696,2,Left,785,110,22,4,1,0,6
175,700,9,Right+Jump+Run,790,126,24,4,1,0,5
176,704,8,Left+Run,796,143,22,4,1,0,6
177,708,4,Right+Jump,802,160,24,4,1,0,6
178,712,9,Right+Jump+Run,808,176,24,0,0,1,6
179,716,2,Left,813,176,19,0,0,1,5
180,720,5,Left+Jump,817,160,15,-4,1,0,4
181,724,9,Right+Jump+Run,822,147,19,-4,1,0,5
182,728,9,Right+Jump+Run,827,135,24,-3,1,0,5
183,732,10,Left+Jump+Run,833,126,19,-3,1,0,6
184,736,9,Right+Jump+Run,838,118,24,-2,1,0,5
185,740,9,Right+Jump+Run,844,112,24,-2,1,0,6
186,744,10,Left+Jump+Run,849,108,19,-1,1,0,5
187,748,10,Left+Jump+Run,854,106,14,-1,1,0,5
188,752,9,Right+Jump+Run,858,105,19,0,1,0,4
189,756,9,Right+Jump+Run,863,109,24,1,1,0,5
190,760,9,Right+Jump+Run,869,120,24,3,1,0,6
191,764,9,Right+Jump+Run,875,135,24,4,1,0,6
192,768,9,Right+Jump+Run,881,152,24,4,1,0,6
193,772,1,Right,887,169,24,4,1,0,6
194,776,7,Right+Run,894,176,27,0,0,1,7
195,780,1,Right,898,176,0,0,0,1,4
196,784,3,Jump,898,160,0,-4,1,0,0
197,788,5,Left+Jump,897,147,-6,-3,1,0,-1
198,792,4,Right+Jump,897,136,0,-3,1,0,0
199,796,1,Right,898,128,4,-1,1,0,1
200,800,10,Left+Jump+Run,898,128,1,1,1,0,0
201,804,2,Left,898,135,-3,2,1,0,0
202,808,4,Right+Jump,898,148,3,4,1,0,0
203,812,9,Right+Jump+Run,898,165,1,4,1,0,0
204,816,11,Down,898,176,0,0,0,1,0
205,820,9,Right+Jump+Run,898,160,3,-4,1,0,0
206,824,1,Right,898,149,1,-2,1,0,0
207,828,0,NOOP,898,145,1,0,1,0,0
208,832,2,Left,898,147,-3,1,1,0,0
209,836,1,Right,898,157,3,3,1,0,0
210,840,7,Right+Run,898,173,0,4,1,0,0
211,844,7,Right+Run,898,176,4,0,0,1,0
212,848,9,Right+Jump+Run,898,160,2,-4,1,0,0
213,852,5,Left+Jump,898,147,-1,-3,1,0,0
214,856,1,Right,898,138,3,-2,1,0,0
215,860,9,Right+Jump+Run,898,135,0,0,1,0,0
216,864,9,Right+Jump+Run,898,140,3,2,1,0,0
217,868,1,Right,898,152,1,4,1,0,0
218,872,3,Jump,898,168,1,4,1,0,0
219,876,3,Jump,898,176,0,0,0,1,0
220,880,4,Right+Jump,898,176,2,0,0,1,0
221,884,3,Jump,898,176,0,0,0,1,0
222,888,9,Right+Jump+Run,898,176,3,0,0,1,0
223,892,2,Left,897,176,-4,0,0,1,-1
224,896,9,Right+Jump+Run,897,160,-1,-4,1,0,0
225,900,9,Right+Jump+Run,897,147,1,-3,1,0,0
226,904,7,Right+Run,898,138,6,-2,1,0,1
227,908,1,Right,898,135,1,0,1,0,0
228,912,0,NOOP,898,140,1,2,1,0,0
229,916,4,Right+Jump,898,152,1,4,1,0,0
230,920,9,Right+Jump+Run,898,168,0,-4,1,0,0
231,924,10,Left+Jump+Run,897,155,-3,-3,1,0,-1
232,928,3,Jump,896,149,-3,-1,1,0,-1
233,932,4,Right+Jump,896,149,-1,1,1,0,0
234,936,9,Right+Jump+Run,896,157,2,3,1,0,0
235,940,9,Right+Jump+Run,897,172,7,4,1,0,1
236,944,0,NOOP,898,176,3,0,0,1,1
237,948,9,Right+Jump+Run,898,160,3,-4,1,0,0
238,952,9,Right+Jump+Run,898,147,0,-3,1,0,0
239,956,4,Right+Jump,898,136,0,-3,1,0,0
240,960,9,Right+Jump+Run,898,127,4,-2,1,0,0
241,964,9,Right+Jump+Run,898,119,1,-2,1,0,0
242,968,9,Right+Jump+Run,899,114,6,-1,1,0,1
243,972,4,Right+Jump,901,111,11,-1,1,0,2
244,976,9,Right+Jump+Run,904,110,15,0,1,0,3
245,980,0,NOOP,908,112,15,0,0,1,4
246,984,10,Left+Jump+Run,911,96,11,-4,1,0,3
247,988,9,Right+Jump+Run,915,83,15,-3,1,0,4
248,992,9,Right+Jump+Run,919,72,20,-3,1,0,4
249,996,9,Right+Jump+Run,925,63,24,-2,1,0,6
250,1000,9,Right+Jump+Run,931,55,24,-2,1,0,6
251,1004,5,Left+Jump,936,50,19,-1,1,0,5
252,1008,6,Run,941,49,19,0,1,0,5
253,1012,3,Jump,946,54,19,2,1,0,5
254,1016,8,Left+Run,950,67,14,4,1,0,4
255,1020,8,Left+Run,953,84,9,4,1,0,3
256,1024,6,Run,955,100,9,4,1,0,2
257,1028,1,Right,958,117,14,4,1,0,3
258,1032,4,Right+Jump,962,134,19,4,1,0,4
259,1036,7,Right+Run,968,151,24,4,1,0,6
260,1040,1,Right,974,168,24,4,1,0,6
261,1044,9,Right+Jump+Run,980,176,26,0,0,1,6
262,1048,11,Down,986,176,24,0,0,1,6
263,1052,7,Right+Run,993,176,28,0,0,1,7
264,1056,9,Right+Jump+Run,1000,156,31,-5,1,0,7
265,1060,1,Right,1009,142,35,-3,1,0,9
266,1064,9,Right+Jump+Run,1018,137,38,0,1,0,9
267,1068,1,Right,1028,141,40,2,1,0,10
268,1072,4,Right+Jump,1038,154,40,4,1,0,10
269,1076,1,Right,1048,170,40,4,1,0,10
270,1080,7,Right+Run,1058,176,40,0,0,1,10
271,1084,6,Run,1067,176,36,0,0,1,9
272,1088,9,Right+Jump+Run,1077,156,40,-5,1,0,10
273,1092,9,Right+Jump+Run,1087,140,40,-4,1,0,10
274,1096,1,Right,1097,128,40,-2,1,0,10
275,1100,1,Right,1107,126,40,0,1,0,10
276,1104,7,Right+Run,1117,132,40,3,1,0,10
277,1108,1,Right,1127,147,40,4,1,0,10
278,1112,9,Right+Jump+Run,1137,163,40,4,1,0,10
279,1116,9,Right+Jump+Run,1147,176,40,0,0,1,10
280,1120,7,Right+Run,1157,176,40,0,0,1,10
281,1124,9,Right+Jump+Run,1167,156,40,-5,1,0,10
282,1128,9,Right+Jump+Run,1177,140,40,-4,1,0,10
283,1132,1,Right,1187,128,40,-2,1,0,10
284,1136,1,Right,1197,126,40,0,1,0,10
285,1140,9,Right+Jump+Run,1207,132,40,3,1,0,10
286,1144,11,Down,1217,147,40,4,1,0,10
287,1148,7,Right+Run,1227,163,40,4,1,0,10
288,1152,0,NOOP,1237,176,40,0,0,1,10
289,1156,7,Right+Run,1247,176,40,0,0,1,10
290,1160,7,Right+Run,1257,176,40,0,0,1,10
291,1164,3,Jump,1267,156,40,-5,1,0,10
292,1168,0,NOOP,1277,142,40,-3,1,0,10
293,1172,4,Right+Jump,1287,137,40,0,1,0,10
294,1176,7,Right+Run,1297,141,40,2,1,0,10
295,1180,7,Right+Run,1307,154,40,4,1,0,10
296,1184,7,Right+Run,1317,170,40,4,1,0,10
297,1188,9,Right+Jump+Run,1327,176,40,0,0,1,10
298,1192,9,Right+Jump+Run,1337,176,40,0,0,1,10
299,1196,1,Right,1347,176,40,0,0,1,10
300,1200,9,Right+Jump+Run,1357,156,40,-5,1,0,10
301,1204,11,Down,1367,142,40,-3,1,0,10
302,1208,9,Right+Jump+Run,1377,137,40,0,1,0,10
303,1212,9,Right+Jump+Run,1387,141,40,2,1,0,10
304,1216,9,Right+Jump+Run,1397,154,40,4,1,0,10
305,1220,7,Right+Run,1407,170,40,4,1,0,10
306,1224,9,Right+Jump+Run,1417,176,40,0,0,1,10
307,1228,2,Left,1426,176,35,0,0,1,9
308,1232,4,Right+Jump,1436,156,40,-5,1,0,10
309,1236,7,Right+Run,1446,142,40,-3,1,0,10
310,1240,9,Right+Jump+Run,1456,137,40,0,1,0,10
311,1244,4,Right+Jump,1466,141,40,2,1,0,10
312,1248,4,Right+Jump,1476,154,40,4,1,0,10
313,1252,9,Right+Jump+Run,1486,170,40,4,1,0,10
314,1256,8,Left+Run,1495,176,33,0,0,1,9
315,1260,2,Left,1502,176,27,0,0,1,7
316,1264,8,Left+Run,1508,176,20,0,0,1,6
317,1268,6,Run,1512,176,14,0,0,1,4
318,1272,9,Right+Jump+Run,1516,160,20,-4,1,0,4
319,1276,0,NOOP,1521,149,20,-2,1,0,5
320,1280,0,NOOP,1526,145,20,0,1,0,5
321,1284,4,Right+Jump,1532,147,24,1,1,0,6
322,1288,9,Right+Jump+Run,1538,157,24,3,1,0,6
323,1292,1,Right,1544,173,24,-4,1,0,6
324,1296,7,Right+Run,1550,161,24,-2,1,0,6
325,1300,4,Right+Jump,1556,156,24,-1,1,0,6
326,1304,4,Right+Jump,1562,159,24,1,1,0,6
327,1308,2,Left,1567,168,18,3,1,0,5
328,1312,4,Right+Jump,1573,176,24,0,0,1,6
329,1316,0,NOOP,1579,176,22,0,0,1,6
330,1320,9,Right+Jump+Run,1584,160,24,-4,1,0,5
331,1324,10,Left+Jump+Run,1590,147,22,-4,1,0,6
332,1328,7,Right+Run,1596,143,24,1,1,0,6
333,1332,9,Right+Jump+Run,1602,151,24,2,1,0,6
334,1336,7,Right+Run,1608,165,24,4,1,0,6
335,1340,1,Right,1614,176,24,0,0,1,6
336,1344,6,Run,1620,176,21,0,0,1,6
337,1348,3,Jump,1625,160,21,-4,1,0,5
338,1352,4,Right+Jump,1631,147,24,-4,1,0,6
339,1356,9,Right+Jump+Run,1637,135,24,-3,1,0,6
340,1360,9,Right+Jump+Run,1643,126,24,-3,1,0,6
341,1364,11,Down,1649,119,24,-1,1,0,6
342,1368,1,Right,1655,119,24,0,1,0,6
343,1372,1,Right,1661,125,24,2,1,0,6
344,1376,1,Right,1667,137,24,3,1,0,6
345,1380,3,Jump,1673,153,24,4,1,0,6
346,1384,1,Right,1679,170,24,4,1,0,6
347,1388,1,Right,1685,176,24,0,0,1,6
348,1392,1,Right,1691,176,24,0,0,1,6
349,1396,2,Left,1696,176,19,0,0,1,5
350,1400,1,Right,1701,176,22,0,0,1,5
351,1404,7,Right+Run,1707,176,26,0,0,1,6
352,1408,9,Right+Jump+Run,1714,156,30,-5,1,0,7
353,1412,7,Right+Run,1722,142,33,-3,1,0,8
354,1416,9,Right+Jump+Run,1731,137,37,0,1,0,9
355,1420,9,Right+Jump+Run,1741,141,40,2,1,0,10
356,1424,8,Left+Run,1750,154,37,4,1,0,9
357,1428,5,Left+Jump,1759,170,33,4,1,0,9
358,1432,2,Left,1767,176,29,0,0,1,8
359,1436,7,Right+Run,1775,176,34,0,0,1,8
360,1440,8,Left+Run,1782,176,28,0,0,1,7
361,1444,9,Right+Jump+Run,1790,156,35,-5,1,0,8
362,1448,4,Right+Jump,1800,140,40,-4,1,0,10
363,1452,1,Right,1810,128,40,-2,1,0,10
364,1456,10,Left+Jump+Run,1819,126,33,0,1,0,9
365,1460,5,Left+Jump,1826,132,26,3,1,0,7
366,1464,9,Right+Jump+Run,1834,147,33,4,1,0,8
367,1468,5,Left+Jump,1841,163,26,4,1,0,7
368,1472,10,Left+Jump+Run,1847,176,19,0,0,1,6
369,1476,2,Left,1850,176,13,0,0,1,3
370,1480,9,Right+Jump+Run,1855,160,19,-4,1,0,5
371,1484,4,Right+Jump,1860,147,24,-3,1,0,5
372,1488,11,Down,1866,138,24,-2,1,0,6
373,1492,9,Right+Jump+Run,1872,135,24,0,1,0,6
374,1496,9,Right+Jump+Run,1878,140,24,2,1,0,6
375,1500,9,Right+Jump+Run,1884,152,24,4,1,0,6
376,1504,9,Right+Jump+Run,1890,168,24,4,1,0,6
377,1508,9,Right+Jump+Run,1897,176,27,0,0,1,7
378,1512,9,Right+Jump+Run,1904,176,30,0,0,1,7
379,1516,9,Right+Jump+Run,1912,176,34,0,0,1,8
380,1520,7,Right+Run,1921,176,37,0,0,1,9
381,1524,7,Right+Run,1931,176,40,0,0,1,10
382,1528,3,Jump,1941,156,40,-5,1,0,10
383,1532,11,Down,1951,142,40,-3,1,0,10
384,1536,7,Right+Run,1961,137,40,0,1,0,10
385,1540,5,Left+Jump,1970,141,36,2,1,0,9
386,1544,1,Right,1980,154,40,4,1,0,10
387,1548,9,Right+Jump+Run,1990,170,40,4,1,0,10
388,1552,4,Right+Jump,1998,176,24,0,0,1,8
389,1556,4,Right+Jump,2004,176,24,0,0,1,6
390,1560,1,Right,2010,176,24,0,0,1,6
391,1564,9,Right+Jump+Run,2016,160,24,-4,1,0,6
392,1568,6,Run,2022,148,24,-3,1,0,6
393,1572,8,Left+Run,2027,142,21,-1,1,0,5
394,1576,9,Right+Jump+Run,2033,143,24,0,1,0,6
395,1580,9,Right+Jump+Run,2039,149,24,2,1,0,6
396,1584,9,Right+Jump+Run,2045,161,24,3,1,0,6
397,1588,1,Right,2051,176,24,0,0,1,6
398,1592,4,Right+Jump,2057,160,24,-4,1,0,6
399,1596,0,NOOP,2063,148,24,-3,1,0,6
400,1600,9,Right+Jump+Run,2069,142,24,-1,1,0,6
401,1604,9,Right+Jump+Run,2075,143,24,0,1,0,6
402,1608,9,Right+Jump+Run,2081,149,24,2,1,0,6
403,1612,9,Right+Jump+Run,2087,161,24,3,1,0,6
404,1616,5,Left+Jump,2093,176,21,0,0,1,6
405,1620,5,Left+Jump,2097,176,17,0,0,1,4
406,1624,1,Right,2102,176,20,0,0,1,5
407,1628,9,Right+Jump+Run,2108,160,22,-4,1,0,6
408,1632,6,Run,2113,148,22,-3,1,0,5
409,1636,1,Right,2119,142,24,-1,1,0,6
410,1640,11,Down,2125,143,24,0,1,0,6
411,1644,1,Right,2131,149,24,2,1,0,6
412,1648,7,Right+Run,2137,160,24,0,0,1,6
413,1652,2,Left,2142,160,19,0,0,1,5
414,1656,4,Right+Jump,2148,144,24,-4,1,0,6
415,1660,1,Right,2154,132,24,-3,1,0,6
416,1664,1,Right,2160,126,24,-1,1,0,6
417,1668,6,Run,2166,127,24,0,1,0,6
418,1672,4,Right+Jump,2172,128,24,0,0,1,6
419,1676,1,Right,2178,128,24,0,0,1,6
420,1680,11,Down,2178,128,0,0,0,1,0
421,1684,9,Right+Jump+Run,2179,112,2,-4,1,0,1
422,1688,9,Right+Jump+Run,2179,99,4,-3,1,0,0
423,1692,9,Right+Jump+Run,2181,88,7,-3,1,0,2
424,1696,10,Left+Jump+Run,2182,79,4,-2,1,0,1
425,1700,4,Right+Jump,2184,71,7,-2,1,0,2
426,1704,7,Right+Run,2186,68,9,0,1,0,2
427,1708,6,Run,2188,72,9,2,1,0,2
428,1712,3,Jump,2190,82,9,3,1,0,2
429,1716,3,Jump,2192,99,9,4,1,0,2
430,1720,9,Right+Jump+Run,2195,112,11,0,0,1,3
431,1724,9,Right+Jump+Run,2198,112,15,0,0,1,3
432,1728,1,Right,2203,112,19,0,0,1,5
433,1732,2,Left,2207,113,14,0,2,0,4
434,1736,1,Right,2211,119,19,2,2,0,4
435,1740,9,Right+Jump+Run,2217,132,24,4,2,0,6
436,1744,7,Right+Run,2223,149,24,4,2,0,6
437,1748,8,Left+Run,2225,166,-1,4,2,0,2
438,1752,10,Left+Jump+Run,2225,176,-4,0,0,1,0
439,1756,9,Right+Jump+Run,2225,176,2,0,0,1,0
440,1760,6,Run,2225,176,0,0,0,1,0
441,1764,4,Right+Jump,2225,160,2,-4,1,0,0
442,1768,4,Right+Jump,2226,147,4,-3,1,0,1
443,1772,7,Right+Run,2226,138,1,-2,1,0,0
444,1776,2,Left,2226,135,-2,0,1,0,0
445,1780,1,Right,2226,140,2,2,1,0,0
446,1784,7,Right+Run,2226,152,0,4,1,0,0
447,1788,10,Left+Jump+Run,2225,168,-5,4,1,0,-1
448,1792,0,NOOP,2224,176,-2,0,0,1,-1
449,1796,6,Run,2224,176,0,0,0,1,0
450,1800,9,Right+Jump+Run,2224,160,2,-4,1,0,0
451,1804,4,Right+Jump,2225,147,4,-3,1,0,1
452,1808,9,Right+Jump+Run,2226,136,0,-3,1,0,1
453,1812,9,Right+Jump+Run,2226,127,1,-2,1,0,0
454,1816,7,Right+Run,2226,121,0,-1,1,0,0
455,1820,9,Right+Jump+Run,2226,123,2,1,1,0,0
456,1824,1,Right,2226,131,4,3,1,0,0
457,1828,4,Right+Jump,2226,146,1,4,1,0,0
458,1832,2,Left,2226,163,-2,4,1,0,0
459,1836,1,Right,2226,176,2,0,0,1,0
460,1840,9,Right+Jump+Run,2226,160,0,-4,1,0,0
461,1844,9,Right+Jump+Run,2226,147,2,-3,1,0,0
462,1848,3,Jump,2226,136,2,-3,1,0,0
463,1852,0,NOOP,2226,128,0,-1,1,0,0
464,1856,1,Right,2226,128,2,1,1,0,0
465,1860,3,Jump,2226,135,2,2,1,0,0
466,1864,9,Right+Jump+Run,2226,148,1,4,1,0,0
467,1868,8,Left+Run,2226,165,-2,4,1,0,0
468,1872,9,Right+Jump+Run,2226,176,2,0,0,1,0
469,1876,10,Left+Jump+Run,2225,176,-4,0,0,1,-1
470,1880,4,Right+Jump,2225,176,2,0,0,1,0
471,1884,9,Right+Jump+Run,2226,176,0,0,0,1,1
472,1888,4,Right+Jump,2226,176,3,0,0,1,0
473,1892,2,Left,2225,176,-4,0,0,1,-1
474,1896,7,Right+Run,2226,176,2,0,0,1,1
475,1900,1,Right,2226,176,0,0,0,1,0
476,1904,7,Right+Run,2226,176,3,0,0,1,0
477,1908,6,Run,2226,176,0,0,0,1,0
478,1912,11,Down,2226,176,0,0,0,1,0
479,1916,6,Run,2226,176,0,0,0,1,0
480,1920,7,Right+Run,2226,176,0,0,0,1,0
481,1924,11,Down,2226,176,0,0,0,1,0
482,1928,9,Right+Jump+Run,2226,160,2,-4,1,0,0
483,1932,1,Right,2226,149,0,-2,1,0,0
484,1936,3,Jump,2226,145,0,0,1,0,0
485,1940,0,NOOP,2226,147,0,1,1,0,0
486,1944,11,Down,2226,157,0,3,1,0,0
487,1948,9,Right+Jump+Run,2226,173,3,4,1,0,0
488,1952,5,Left+Jump,2226,176,-2,0,0,1,0
489,1956,1,Right,2226,176,2,0,0,1,0
490,1960,9,Right+Jump+Run,2226,160,0,-4,1,0,0
491,1964,6,Run,2226,149,0,-2,1,0,0
492,1968,0,NOOP,2226,145,0,0,1,0,0
493,1972,11,Down,2226,147,0,1,1,0,0
494,1976,6,Run,2226,157,0,3,1,0,0
495,1980,1,Right,2226,173,2,4,1,0,0
496,1984,5,Left+Jump,2226,176,-2,0,0,1,0
497,1988,7,Right+Run,2226,176,2,0,0,1,0
498,1992,4,Right+Jump,2226,160,0,-4,1,0,0
499,1996,4,Right+Jump,2226,147,3,-3,1,0,0
500,2000,10,Left+Jump+Run,2226,136,0,-3,1,0,0
501,2004,6,Run,2226,128,0,-1,1,0,0
502,2008,4,Right+Jump,2226,128,0,1,1,0,0
503,2012,1,Right,2226,135,2,2,1,0,0
504,2016,9,Right+Jump+Run,2226,148,0,4,1,0,0
505,2020,0,NOOP,2226,165,0,4,1,0,0
506,2024,0,NOOP,2226,176,0,0,0,1,0
507,2028,9,Right+Jump+Run,2226,160,3,-4,1,0,0
508,2032,4,Right+Jump,2226,147,0,-3,1,0,0
509,2036,9,Right+Jump+Run,2226,136,3,-3,1,0,0
510,2040,9,Right+Jump+Run,2226,127,0,-2,1,0,0
511,2044,9,Right+Jump+Run,2226,119,2,-2,1,0,0
512,2048,9,Right+Jump+Run,2227,114,4,-1,1,0,1
513,2052,4,Right+Jump,2228,111,7,-1,1,0,1
514,2056,9,Right+Jump+Run,2230,110,9,0,1,0,2
515,2060,6,Run,2233,112,9,0,0,1,3
516,2064,6,Run,2233,112,0,0,0,1,0
517,2068,4,Right+Jump,2233,96,2,-4,1,0,0
518,2072,7,Right+Run,2234,85,4,-2,1,0,1
519,2076,9,Right+Jump+Run,2235,81,7,0,1,0,1
520,2080,4,Right+Jump,2237,83,9,1,1,0,2
521,2084,7,Right+Run,2240,93,11,3,1,0,3
522,2088,4,Right+Jump,2243,109,14,4,1,0,3
523,2092,3,Jump,2246,112,12,0,0,1,3
524,2096,4,Right+Jump,2250,112,14,0,0,1,4
525,2100,6,Run,2253,112,12,0,2,0,3
526,2104,7,Right+Run,2256,115,14,1,2,0,3
527,2108,11,Down,2260,124,14,3,2,0,4
528,2112,9,Right+Jump+Run,2264,128,18,0,0,1,4
529,2116,9,Right+Jump+Run,2269,128,21,0,2,0,5
530,2120,4,Right+Jump,2274,130,24,1,2,0,5
531,2124,9,Right+Jump+Run,2280,140,24,3,2,0,6
532,2128,9,Right+Jump+Run,2287,144,26,0,2,0,7
533,2132,1,Right,2294,148,30,2,2,0,7
534,2136,9,Right+Jump+Run,2302,159,33,3,2,0,8
535,2140,1,Right,2311,176,37,0,0,1,9
536,2144,4,Right+Jump,2320,156,40,-5,1,0,9
537,2148,4,Right+Jump,2330,140,40,-4,1,0,10
538,2152,1,Right,2340,128,40,-2,1,0,10
539,2156,9,Right+Jump+Run,2350,126,40,0,1,0,10
540,2160,11,Down,2360,132,40,3,1,0,10
541,2164,7,Right+Run,2370,147,40,4,1,0,10
542,2168,3,Jump,2370,160,0,0,0,1,0
543,2172,9,Right+Jump+Run,2370,160,3,0,0,1,0
544,2176,9,Right+Jump+Run,2370,160,2,0,0,1,0
545,2180,9,Right+Jump+Run,2370,160,0,0,0,1,0
546,2184,3,Jump,2370,160,0,0,0,1,0
547,2188,4,Right+Jump,2370,160,3,0,0,1,0
548,2192,4,Right+Jump,2370,160,0,0,0,1,0
549,2196,6,Run,2370,160,0,0,0,1,0
550,2200,2,Left,2369,160,-3,0,0,1,-1
551,2204,4,Right+Jump,2369,144,0,-4,1,0,0
552,2208,10,Left+Jump+Run,2368,131,-3,-3,1,0,-1
553,2212,8,Left+Run,2367,122,-5,-2,1,0,-1
554,2216,4,Right+Jump,2366,119,-3,0,1,0,-1
555,2220,9,Right+Jump+Run,2366,124,0,2,1,0,0
556,2224,4,Right+Jump,2367,136,3,4,1,0,1
557,2228,1,Right,2368,152,8,4,1,0,1
558,2232,4,Right+Jump,2370,160,0,0,0,1,2
559,2236,9,Right+Jump+Run,2370,160,3,0,0,1,0
560,2240,7,Right+Run,2370,160,1,0,0,1,0
561,2244,9,Right+Jump+Run,2370,144,4,-4,1,0,0
562,2248,1,Right,2372,133,6,-2,1,0,2
563,2252,10,Left+Jump+Run,2373,129,4,0,1,0,1
564,2256,4,Right+Jump,2374,131,6,1,1,0,1
565,2260,4,Right+Jump,2376,141,8,3,1,0,2
566,2264,4,Right+Jump,2378,144,11,0,0,1,2
567,2268,2,Left,2379,144,-3,0,0,1,1
568,2272,1,Right,2379,144,2,0,0,1,0
569,2276,6,Run,2379,144,0,0,0,1,0
570,2280,1,Right,2379,144,2,0,0,1,0
571,2284,7,Right+Run,2380,144,5,0,0,1,1
572,2288,4,Right+Jump,2382,128,8,-4,1,0,2
573,2292,1,Right,2384,117,10,-2,1,0,2
574,2296,8,Left+Run,2386,113,8,0,1,0,2
575,2300,9,Right+Jump+Run,2389,115,10,1,1,0,3
576,2304,2,Left,2391,125,8,3,1,0,2
577,2308,9,Right+Jump+Run,2393,128,11,0,0,1,2
578,2312,0,NOOP,2396,128,9,0,0,1,3
579,2316,10,Left+Jump+Run,2397,112,6,-4,1,0,1
580,2320,2,Left,2399,101,4,-2,1,0,2
581,2324,8,Left+Run,2399,97,2,0,1,0,0
582,2328,0,NOOP,2400,99,2,1,1,0,1
583,2332,1,Right,2401,109,4,3,1,0,1
584,2336,7,Right+Run,2402,125,6,4,1,0,1
585,2340,9,Right+Jump+Run,2402,128,1,0,0,1,0
586,2344,1,Right,2402,128,0,0,0,1,0
587,2348,7,Right+Run,2402,128,3,0,0,1,0
588,2352,11,Down,2402,128,0,0,0,1,0
589,2356,1,Right,2402,128,3,0,0,1,0
590,2360,9,Right+Jump+Run,2402,112,1,-4,1,0,0
591,2364,9,Right+Jump+Run,2402,99,3,-3,1,0,0
592,2368,1,Right,2403,90,6,-2,1,0,1
593,2372,9,Right+Jump+Run,2405,87,8,0,1,0,2
594,2376,1,Right,2408,92,10,2,1,0,3
595,2380,4,Right+Jump,2411,104,13,4,1,0,3
596,2384,9,Right+Jump+Run,2414,112,16,0,0,1,3
597,2388,6,Run,2418,112,13,0,0,1,4
598,2392,6,Run,2421,112,11,0,0,1,3
599,2396,11,Down,2421,112,0,0,0,1,0
600,2400,9,Right+Jump+Run,2422,96,2,-4,1,0,1
601,2404,5,Left+Jump,2422,83,0,-3,1,0,0
602,2408,4,Right+Jump,2422,72,2,-3,1,0,0
603,2412,6,Run,2422,64,2,-1,1,0,0
604,2416,11,Down,2423,64,2,1,1,0,1
605,2420,4,Right+Jump,2424,71,4,2,1,0,1
606,2424,1,Right,2425,84,7,4,1,0,1
607,2428,9,Right+Jump+Run,2427,101,9,4,1,0,2
608,2432,1,Right,2430,112,11,0,0,1,3
609,2436,9,Right+Jump+Run,2433,96,14,-4,1,0,3
610,2440,9,Right+Jump+Run,2437,83,16,-3,1,0,4
611,2444,9,Right+Jump+Run,2441,72,19,-3,1,0,4
612,2448,5,Left+Jump,2446,63,16,-2,1,0,5
613,2452,6,Run,2450,57,16,-1,1,0,4
614,2456,9,Right+Jump+Run,2454,59,19,1,1,0,4
615,2460,9,Right+Jump+Run,2459,67,21,3,1,0,5
616,2464,9,Right+Jump+Run,2465,82,23,4,1,0,6
617,2468,7,Right+Run,2471,99,24,4,1,0,6
618,2472,9,Right+Jump+Run,2477,112,25,0,0,1,6
619,2476,6,Run,2483,112,23,0,0,1,6
620,2480,9,Right+Jump+Run,2489,96,24,-4,1,0,6
621,2484,4,Right+Jump,2495,83,24,-4,1,0,6
622,2488,7,Right+Run,2501,73,24,-2,1,0,6
623,2492,8,Left+Run,2506,69,22,-1,1,0,5
624,2496,4,Right+Jump,2512,71,24,1,1,0,6
625,2500,9,Right+Jump+Run,2518,79,24,2,1,0,6
626,2504,8,Left+Run,2524,93,22,4,1,0,6
627,2508,9,Right+Jump+Run,2530,110,24,4,1,0,6
628,2512,1,Right,2536,126,24,4,1,0,6
629,2516,4,Right+Jump,2542,143,24,4,1,0,6
630,2520,10,Left+Jump+Run,2547,160,22,4,1,0,5
631,2524,4,Right+Jump,2553,176,24,0,0,1,6
632,2528,2,Left,2559,176,20,0,0,1,6
633,2532,9,Right+Jump+Run,2564,160,24,-4,1,0,5
634,2536,9,Right+Jump+Run,2570,147,24,-4,1,0,6
635,2540,1,Right,2576,137,24,-2,1,0,6
636,2544,9,Right+Jump+Run,2582,133,24,-1,1,0,6
637,2548,9,Right+Jump+Run,2588,135,24,1,1,0,6
638,2552,1,Right,2594,143,24,2,1,0,6
639,2556,7,Right+Run,2601,144,27,0,0,1,7
640,2560,1,Right,2608,144,31,0,0,1,7
641,2564,1,Right,2616,144,34,0,0,1,8
642,2568,1,Right,2623,144,24,0,0,1,7
643,2572,4,Right+Jump,2629,128,24,-4,1,0,6
644,2576,0,NOOP,2635,116,24,-3,1,0,6
645,2580,1,Right,2641,110,24,-1,1,0,6
646,2584,6,Run,2647,111,24,0,1,0,6
647,2588,9,Right+Jump+Run,2653,117,24,2,1,0,6
648,2592,4,Right+Jump,2659,129,24,3,1,0,6
649,2596,1,Right,2665,146,24,4,1,0,6
650,2600,8,Left+Run,2671,162,22,4,1,0,6
651,2604,6,Run,2676,176,22,0,0,1,5
652,2608,1,Right,2682,176,24,0,0,1,6
653,2612,8,Left+Run,2688,176,20,0,0,1,6
654,2616,4,Right+Jump,2693,160,24,-4,1,0,5
655,2620,4,Right+Jump,2699,147,24,-4,1,0,6
656,2624,9,Right+Jump+Run,2705,141,24,0,1,0,6
657,2628,0,NOOP,2711,147,24,2,1,0,6
658,2632,8,Left+Run,2717,159,20,3,1,0,6
659,2636,7,Right+Run,2722,176,24,0,0,1,5
660,2640,4,Right+Jump,2728,160,24,-4,1,0,6
661,2644,1,Right,2734,148,24,-3,1,0,6
662,2648,7,Right+Run,2740,142,24,-1,1,0,6
663,2652,9,Right+Jump+Run,2746,143,24,0,1,0,6
664,2656,7,Right+Run,2752,149,24,2,1,0,6
665,2660,9,Right+Jump+Run,2758,161,24,3,1,0,6
666,2664,1,Right,2764,162,24,-4,1,0,6
667,2668,0,NOOP,2770,151,24,-2,1,0,6
668,2672,1,Right,2776,146,24,-1,1,0,6
669,2676,9,Right+Jump+Run,2782,147,24,1,1,0,6
670,2680,4,Right+Jump,2788,155,24,2,1,0,6
671,2684,9,Right+Jump+Run,2794,168,24,4,1,0,6
672,2688,9,Right+Jump+Run,2801,176,27,0,0,1,7
673,2692,9,Right+Jump+Run,2808,176,30,0,0,1,7
674,2696,9,Right+Jump+Run,2816,176,34,0,0,1,8
675,2700,7,Right+Run,2825,176,37,0,0,1,9
676,2704,3,Jump,2834,156,37,-5,1,0,9
677,2708,0,NOOP,2844,142,37,-3,1,0,10
678,2712,3,Jump,2853,137,37,0,1,0,9
679,2716,7,Right+Run,2863,141,40,2,1,0,10
680,2720,1,Right,2871,144,24,0,0,1,8
681,2724,4,Right+Jump,2877,128,24,-4,1,0,6
682,2728,9,Right+Jump+Run,2883,115,24,-4,1,0,6
683,2732,0,NOOP,2889,105,24,-2,1,0,6
684,2736,9,Right+Jump+Run,2895,101,24,-1,1,0,6
685,2740,9,Right+Jump+Run,2901,103,24,1,1,0,6
686,2744,9,Right+Jump+Run,2907,111,24,2,1,0,6
687,2748,9,Right+Jump+Run,2913,125,24,4,1,0,6
688,2752,1,Right,2914,142,0,4,1,0,1
689,2756,4,Right+Jump,2914,144,2,0,0,1,0
690,2760,7,Right+Run,2914,144,0,0,0,1,0
691,2764,9,Right+Jump+Run,2914,128,2,-4,1,0,0
692,2768,9,Right+Jump+Run,2915,115,5,-3,1,0,1
693,2772,9,Right+Jump+Run,2917,104,7,-3,1,0,2
694,2776,9,Right+Jump+Run,2919,95,9,-2,1,0,2
695,2780,4,Right+Jump,2921,87,12,-2,1,0,2
696,2784,0,NOOP,2924,84,12,0,1,0,3
697,2788,9,Right+Jump+Run,2928,88,14,2,1,0,4
698,2792,9,Right+Jump+Run,2932,98,17,3,1,0,4
699,2796,1,Right,2936,112,19,0,0,1,4
700,2800,4,Right+Jump,2941,96,21,-4,1,0,5
701,2804,11,Down,2947,84,21,-3,1,0,6
702,2808,9,Right+Jump+Run,2952,78,24,-1,1,0,5
703,2812,4,Right+Jump,2958,79,24,0,1,0,6
704,2816,2,Left,2963,85,0,2,1,0,5
705,2820,9,Right+Jump+Run,2962,96,1,0,0,1,-1
706,2824,9,Right+Jump+Run,2962,96,0,0,0,1,0
707,2828,0,NOOP,2962,96,0,0,0,1,0
708,2832,4,Right+Jump,2962,80,2,-4,1,0,0
709,2836,1,Right,2963,69,4,-2,1,0,1
710,2840,7,Right+Run,2964,65,7,0,1,0,1
711,2844,4,Right+Jump,2966,67,9,1,1,0,2
712,2848,4,Right+Jump,2969,77,11,3,1,0,3
713,2852,9,Right+Jump+Run,2972,80,15,0,0,1,3
714,2856,9,Right+Jump+Run,2976,80,18,0,0,1,4
715,2860,8,Left+Run,2978,80,-1,0,0,1,2
716,2864,1,Right,2978,80,0,0,0,1,0
717,2868,7,Right+Run,2978,80,3,0,0,1,0
718,2872,9,Right+Jump+Run,2979,64,6,-4,1,0,1
719,2876,9,Right+Jump+Run,2981,51,8,-3,1,0,2
720,2880,7,Right+Run,2983,42,10,-2,1,0,2
721,2884,9,Right+Jump+Run,2986,39,13,0,1,0,3
722,2888,10,Left+Jump+Run,2989,44,10,2,1,0,3
723,2892,9,Right+Jump+Run,2992,56,13,4,1,0,3
724,2896,8,Left+Run,2994,64,0,0,0,1,2
725,2900,4,Right+Jump,2994,48,3,-4,1,0,0
726,2904,1,Right,2995,37,8,-2,1,0,1
727,2908,9,Right+Jump+Run,2998,33,13,0,1,0,3
728,2912,9,Right+Jump+Run,3002,35,17,1,1,0,4
729,2916,3,Jump,3006,45,17,3,1,0,4
730,2920,8,Left+Run,3010,48,13,0,0,1,4
731,2924,4,Right+Jump,3014,32,17,-4,1,0,4
732,2928,4,Right+Jump,3019,19,22,-3,1,0,5
733,2932,1,Right,3025,10,24,-2,1,0,6
734,2936,9,Right+Jump+Run,3031,7,24,0,1,0,6
735,2940,9,Right+Jump+Run,3037,12,24,2,1,0,6
736,2944,9,Right+Jump+Run,3043,24,24,4,1,0,6
737,2948,6,Run,3049,40,24,4,1,0,6
738,2952,9,Right+Jump+Run,3055,57,24,4,1,0,6
739,2956,7,Right+Run,3061,74,24,4,1,0,6
740,2960,4,Right+Jump,3067,91,24,4,1,0,6
741,2964,6,Run,3073,108,24,4,1,0,6
742,2968,6,Run,3079,125,24,4,1,0,6
743,2972,9,Right+Jump+Run,3085,142,24,4,1,0,6
744,2976,4,Right+Jump,3091,159,24,4,1,0,6
745,2980,9,Right+Jump+Run,3097,175,24,4,1,0,6
746,2984,7,Right+Run,3103,176,27,0,0,1,6
