timestamp,episode,step,reward,total_reward,epsilon,loss,q_value_mean,q_value_std,mario_x,mario_y,mario_x_max,action_taken,processing_time_ms,learning_rate,replay_buffer_size
2026-03-16T21:03:59.266944,1,9,-0.1,-51.000000000000014,1.0,0.0,0.0,0.0,30,176,40,6,3.372669219970703,0.00025,7
2026-03-16T21:03:59.932191,1,19,0.0,-54.00000000000006,1.0,0.0,0.0,0.0,0,176,40,10,2.7277469635009766,0.00025,17
2026-03-16T21:04:00.601399,1,29,0.0,-54.00000000000006,1.0,0.0,0.0,0.0,0,138,40,8,5.44285774230957,0.00025,27
2026-03-16T21:04:01.266913,1,39,0.0,-54.00000000000006,1.0,0.0,0.0,0.0,0,147,40,8,6.178855895996094,0.00025,37
2026-03-16T21:04:01.933220,1,49,0.0,-54.00000000000006,1.0,0.0,0.0,0.0,0,176,40,8,6.622314453125,0.00025,47
2026-03-16T21:04:02.600235,1,59,-0.1,-53.900000000000055,1.0,0.0,0.0,0.0,1,173,40,11,8.317708969116211,0.00025,57
2026-03-16T21:04:03.267453,1,69,0.0,-53.900000000000055,1.0,0.0,0.0,0.0,1,176,40,2,8.382081985473633,0.00025,67
2026-03-16T21:04:03.933405,1,79,0.0,-54.00000000000006,1.0,0.0,0.0,0.0,0,176,40,3,9.696483612060547,0.00025,77
2026-03-16T21:04:04.597509,1,89,0.0,-53.60000000000005,1.0,0.0,0.0,0.0,4,176,40,6,9.205818176269531,0.00025,87
2026-03-16T21:04:05.264282,1,99,0.0,-54.00000000000006,1.0,0.0,0.0,0.0,0,148,40,10,8.667707443237305,0.00025,97
2026-03-16T21:04:05.946302,1,109,0.0,-54.00000000000006,1.0,0.0,0.0,0.0,0,145,40,6,8.921623229980469,0.00025,107
2026-03-16T21:04:06.611002,1,119,0.0,-54.00000000000006,1.0,0.0,0.0,0.0,0,157,40,6,9.312152862548828,0.00025,117
2026-03-16T21:04:07.277764,1,129,0.0,-54.00000000000006,1.0,0.0,0.0,0.0,0,149,40,11,8.913755416870117,0.00025,127
2026-03-16T21:04:07.942682,1,139,0.0,-54.00000000000006,1.0,0.0,0.0,0.0,0,147,40,8,9.522199630737305,0.00025,137
2026-03-16T21:04:08.608767,1,149,0.0,-54.00000000000006,1.0,0.0,0.0,0.0,0,149,40,5,9.556770324707031,0.00025,147
2026-03-16T21:04:09.273044,1,159,0.0,-54.00000000000006,1.0,0.0,0.0,0.0,0,145,40,10,9.598016738891602,0.00025,157
2026-03-16T21:04:09.937242,1,169,0.0,-54.00000000000006,1.0,0.0,0.0,0.0,0,160,40,10,8.05211067199707,0.00025,167
2026-03-16T21:04:10.604198,1,179,0.0,-54.00000000000006,1.0,0.0,0.0,0.0,0,145,40,8,8.439302444458008,0.00025,177
2026-03-16T21:04:11.270835,1,189,0.0,-54.00000000000006,1.0,0.0,0.0,0.0,0,140,40,8,10.101079940795898,0.00025,187
2026-03-16T21:04:11.936336,1,199,0.0,-54.00000000000006,1.0,0.0,0.0,0.0,0,173,40,5,9.342193603515625,0.00025,197
2026-03-16T21:04:12.596755,1,209,0.0,-54.00000000000006,1.0,0.0,0.0,0.0,0,176,40,1,5.200386047363281,0.00025,207
2026-03-16T21:04:13.267225,1,219,0.0,-54.00000000000006,1.0,0.0,0.0,0.0,0,157,40,8,8.097648620605469,0.00025,217
2026-03-16T21:04:13.931925,1,229,0.0,-54.00000000000006,1.0,0.0,0.0,0.0,0,176,40,10,9.39631462097168,0.00025,227
2026-03-16T21:04:14.600736,1,239,0.0,-54.00000000000006,1.0,0.0,0.0,0.0,0,145,40,8,12.004375457763672,0.00025,237
2026-03-16T21:04:15.266776,1,249,0.0,-54.00000000000006,1.0,0.0,0.0,0.0,0,128,40,6,11.830806732177734,0.00025,247
2026-03-16T21:04:15.927537,1,259,0.0,-54.00000000000006,1.0,0.0,0.0,0.0,0,147,40,5,8.10098648071289,0.00025,257
2026-03-16T21:04:16.593867,1,269,0.0,-54.00000000000006,1.0,0.0,0.0,0.0,0,176,40,6,8.29315185546875,0.00025,267
2026-03-16T21:04:17.261745,1,279,0.0,-54.00000000000006,1.0,0.0,0.0,0.0,0,176,40,6,10.067939758300781,0.00025,277
2026-03-16T21:04:17.927286,1,289,0.0,-54.00000000000006,1.0,0.0,0.0,0.0,0,176,40,11,10.361909866333008,0.00025,287
2026-03-16T21:04:18.593446,1,299,0.0,-54.00000000000006,1.0,0.0,0.0,0.0,0,157,40,2,11.312723159790039,0.00025,297
2026-03-16T21:04:19.275115,1,309,0.0,-53.900000000000055,1.0,0.0,0.0,0.0,1,176,40,10,10.219335556030273,0.00025,307
2026-03-16T21:04:19.940449,1,319,0.0,-54.00000000000006,1.0,0.0,0.0,0.0,0,149,40,5,10.589838027954102,0.00025,317
2026-03-16T21:04:20.605736,1,329,0.0,-54.00000000000006,1.0,0.0,0.0,0.0,0,176,40,5,11.023998260498047,0.00025,327
2026-03-16T21:04:21.271846,1,339,0.0,-54.00000000000006,1.0,0.0,0.0,0.0,0,176,40,8,11.265754699707031,0.00025,337
2026-03-16T21:04:21.934841,1,349,0.0,-54.00000000000006,1.0,0.0,0.0,0.0,0,165,40,8,7.567882537841797,0.00025,347
2026-03-16T21:04:22.604046,1,359,0.0,-54.00000000000006,1.0,0.0,0.0,0.0,0,176,40,5,12.63427734375,0.00025,357
2026-03-16T21:04:23.266824,1,369,0.0,-54.00000000000006,1.0,0.0,0.0,0.0,0,176,40,6,8.882761001586914,0.00025,367
2026-03-16T21:04:23.933768,1,379,0.0,-54.00000000000006,1.0,0.0,0.0,0.0,0,176,40,5,10.254621505737305,0.00025,377
2026-03-16T21:04:24.598460,1,389,0.0,-54.00000000000006,1.0,0.0,0.0,0.0,0,176,40,8,9.399890899658203,0.00025,387
2026-03-16T21:04:25.266985,1,399,0.0,-53.900000000000055,1.0,0.0,0.0,0.0,1,176,40,5,10.8642578125,0.00025,397
2026-03-16T21:04:25.949984,1,409,0.0,-54.00000000000006,1.0,0.0,0.0,0.0,0,176,40,5,12.795448303222656,0.00025,407
2026-03-16T21:04:26.615064,1,419,0.0,-54.00000000000006,1.0,0.0,0.0,0.0,0,176,40,10,13.667583465576172,0.00025,417
2026-03-16T21:04:27.275002,1,429,0.0,-54.00000000000006,1.0,0.0,0.0,0.0,0,176,40,2,8.105039596557617,0.00025,427
2026-03-16T21:04:27.941367,1,439,0.0,-54.00000000000006,1.0,0.0,0.0,0.0,0,160,40,0,8.130311965942383,0.00025,437
2026-03-16T21:04:28.607908,1,449,0.0,-54.00000000000006,1.0,0.0,0.0,0.0,0,160,40,8,8.808374404907227,0.00025,447
2026-03-16T21:04:29.273477,1,459,0.0,-54.00000000000006,1.0,0.0,0.0,0.0,0,138,40,11,9.304046630859375,0.00025,457
2026-03-16T21:04:29.895112,1,469,0.0,-54.00000000000006,1.0,0.0,0.0,0.0,0,149,40,1,11.681795120239258,0.00025,469
2026-03-16T21:04:31.157578,2,9,-0.1,-50.90000000000001,0.998,0.0,0.0,0.0,31,147,40,6,13.464927673339844,0.00025,477
2026-03-16T21:04:31.824261,2,19,0.0,-54.00000000000006,0.998,0.0,0.0,0.0,0,135,40,8,14.364004135131836,0.00025,487
2026-03-16T21:04:32.488250,2,29,0.0,-54.00000000000006,0.998,0.0,0.0,0.0,0,173,40,2,11.604070663452148,0.00025,497
2026-03-16T21:04:33.150456,2,39,0.0,-53.800000000000054,0.998,0.0,0.0,0.0,2,176,40,5,9.93657112121582,0.00025,507
2026-03-16T21:04:33.816490,2,49,0.0,-54.00000000000006,0.998,0.0,0.0,0.0,0,176,40,5,9.968042373657227,0.00025,517
2026-03-16T21:04:34.483013,2,59,0.0,-54.00000000000006,0.998,0.0,0.0,0.0,0,176,40,10,9.770631790161133,0.00025,527
2026-03-16T21:04:35.148133,2,69,0.1,-53.900000000000055,0.998,0.0,0.0,0.0,1,176,40,2,10.228395462036133,0.00025,537
2026-03-16T21:04:35.812356,2,79,0.0,-54.00000000000006,0.998,0.0,0.0,0.0,0,176,40,6,8.937597274780273,0.00025,547
2026-03-16T21:04:36.479079,2,89,0.0,-54.00000000000006,0.998,0.0,0.0,0.0,0,176,40,6,10.522842407226562,0.00025,557
2026-03-16T21:04:37.147020,2,99,0.0,-54.00000000000006,0.998,0.0,0.0,0.0,0,113,40,8,10.982275009155273,0.00025,567
2026-03-16T21:04:37.813520,2,109,0.0,-53.800000000000054,0.998,0.0,0.0,0.0,2,176,40,6,13.00954818725586,0.00025,577
2026-03-16T21:04:38.477388,2,119,-0.1,-54.00000000000006,0.998,0.0,0.0,0.0,0,160,40,10,11.902093887329102,0.00025,587
2026-03-16T21:04:39.142072,2,129,0.0,-54.00000000000006,0.998,0.0,0.0,0.0,0,160,40,11,10.461568832397461,0.00025,597
2026-03-16T21:04:39.807628,2,139,0.0,-54.00000000000006,0.998,0.0,0.0,0.0,0,147,40,0,10.950803756713867,0.00025,607
2026-03-16T21:04:40.470354,2,149,0.0,-54.00000000000006,0.998,0.0,0.0,0.0,0,138,40,5,8.211374282836914,0.00025,617
2026-03-16T21:04:41.138100,2,159,0.0,-54.00000000000006,0.998,0.0,0.0,0.0,0,149,40,11,10.411262512207031,0.00025,627
2026-03-16T21:04:41.822326,2,169,0.0,-54.00000000000006,0.998,0.0,0.0,0.0,0,176,40,6,11.717557907104492,0.00025,637
2026-03-16T21:04:42.486112,2,179,0.0,-54.00000000000006,0.998,0.0,0.0,0.0,0,146,40,11,10.880708694458008,0.00025,647
2026-03-16T21:04:43.152126,2,189,0.0,-54.00000000000006,0.998,0.0,0.0,0.0,0,176,40,11,11.426448822021484,0.00025,657
2026-03-16T21:04:43.818663,2,199,0.0,-54.00000000000006,0.998,0.0,0.0,0.0,0,157,40,6,11.438369750976562,0.00025,667
2026-03-16T21:04:44.481171,2,209,0.0,-54.00000000000006,0.998,0.0,0.0,0.0,0,146,40,1,9.218215942382812,0.00025,677
2026-03-16T21:04:45.146831,2,219,0.0,-54.00000000000006,0.998,0.0,0.0,0.0,0,123,40,1,7.263660430908203,0.00025,687
2026-03-16T21:04:45.813983,2,229,0.0,-54.00000000000006,0.998,0.0,0.0,0.0,0,147,40,8,9.98377799987793,0.00025,697
2026-03-16T21:04:46.480052,2,239,0.0,-54.00000000000006,0.998,0.0,0.0,0.0,0,173,40,5,10.820865631103516,0.00025,707
2026-03-16T21:04:47.147683,2,249,0.0,-54.00000000000006,0.998,0.0,0.0,0.0,0,176,40,11,11.578559875488281,0.00025,717
2026-03-16T21:04:47.816606,2,259,0.0,-54.00000000000006,0.998,0.0,0.0,0.0,0,176,40,8,16.219377517700195,0.00025,727
2026-03-16T21:04:48.478542,2,269,0.0,-53.70000000000005,0.998,0.0,0.0,0.0,3,176,40,5,11.699438095092773,0.00025,737
2026-03-16T21:04:49.145314,2,279,0.0,-54.00000000000006,0.998,0.0,0.0,0.0,0,176,40,10,14.308452606201172,0.00025,747
2026-03-16T21:04:49.806987,2,289,0.0,-54.00000000000006,0.998,0.0,0.0,0.0,0,157,40,5,9.786844253540039,0.00025,757
2026-03-16T21:04:50.474935,2,299,0.0,-53.900000000000055,0.998,0.0,0.0,0.0,1,176,40,6,12.451171875,0.00025,767
2026-03-16T21:04:51.136923,2,309,0.0,-54.00000000000006,0.998,0.0,0.0,0.0,0,160,40,8,8.805990219116211,0.00025,777
2026-03-16T21:04:51.806752,2,319,0.0,-54.00000000000006,0.998,0.0,0.0,0.0,0,176,40,10,13.057470321655273,0.00025,787
2026-03-16T21:04:52.482067,2,329,0.0,-54.00000000000006,0.998,0.0,0.0,0.0,0,147,40,1,6.02269172668457,0.00025,797
2026-03-16T21:04:53.150800,2,339,0.0,-54.00000000000006,0.998,0.0,0.0,0.0,0,135,40,11,8.90207290649414,0.00025,807
2026-03-16T21:04:53.819004,2,349,0.0,-54.00000000000006,0.998,0.0,0.0,0.0,0,145,40,6,12.709617614746094,0.00025,817
2026-03-16T21:04:54.483397,2,359,0.0,-54.00000000000006,0.998,0.0,0.0,0.0,0,135,40,11,11.14511489868164,0.00025,827
2026-03-16T21:04:55.152528,2,369,0.0,-54.00000000000006,0.998,0.0,0.0,0.0,0,149,40,8,13.454198837280273,0.00025,837
2026-03-16T21:04:55.815813,2,379,0.0,-54.00000000000006,0.998,0.0,0.0,0.0,0,160,40,11,12.860298156738281,0.00025,847
2026-03-16T21:04:56.480682,2,389,0.0,-54.00000000000006,0.998,0.0,0.0,0.0,0,176,40,5,11.272192001342773,0.00025,857
2026-03-16T21:04:57.143853,2,399,0.0,-54.00000000000006,0.998,0.0,0.0,0.0,0,176,40,5,9.498119354248047,0.00025,867
2026-03-16T21:04:57.812084,2,409,0.0,-54.00000000000006,0.998,0.0,0.0,0.0,0,160,40,8,12.590169906616211,0.00025,877
2026-03-16T21:04:58.476639,2,419,0.0,-54.00000000000006,0.998,0.0,0.0,0.0,0,145,40,5,10.416984558105469,0.00025,887
2026-03-16T21:04:59.149317,2,429,0.0,-54.00000000000006,0.998,0.0,0.0,0.0,0,173,40,3,16.2353515625,0.00025,897
2026-03-16T21:04:59.806592,2,439,0.0,-54.00000000000006,0.998,0.0,0.0,0.0,0,160,40,6,9.532690048217773,0.00025,907
2026-03-16T21:05:00.471323,2,449,0.0,-54.00000000000006,0.998,0.0,0.0,0.0,0,149,40,10,8.64267349243164,0.00025,917
2026-03-16T21:05:01.143666,2,459,0.0,-54.00000000000006,0.998,0.0,0.0,0.0,0,157,40,8,14.555692672729492,0.00025,927
2026-03-16T21:05:02.302285,3,3,-0.1,-50.2,0.996004,0.0,0.0,0.0,38,176,40,7,9.124517440795898,0.00025,937
2026-03-16T21:05:02.967357,3,13,-0.1,-51.40000000000002,0.996004,0.0,0.0,0.0,26,173,40,8,9.581327438354492,0.00025,947
2026-03-16T21:05:03.634614,3,23,0.0,-54.00000000000006,0.996004,0.0,0.0,0.0,0,176,40,0,10.065793991088867,0.00025,957
2026-03-16T21:05:04.301090,3,33,0.0,-54.00000000000006,0.996004,0.0,0.0,0.0,0,176,40,5,12.26496696472168,0.00025,967
2026-03-16T21:05:04.965568,3,43,0.0,-54.00000000000006,0.996004,0.0,0.0,0.0,0,176,40,5,11.079549789428711,0.00025,977
2026-03-16T21:05:05.633298,3,53,0.0,-54.00000000000006,0.996004,0.0,0.0,0.0,0,145,40,8,13.226032257080078,0.00025,987
2026-03-16T21:05:06.300398,3,63,0.0,-54.00000000000006,0.996004,0.0,0.0,0.0,0,135,40,6,12.670278549194336,0.00025,997
2026-03-16T21:05:06.965603,3,73,0.0,-54.00000000000006,0.996004,0.0,0.0,0.0,0,157,40,11,12.694120407104492,0.00025,1007
2026-03-16T21:05:07.625096,3,83,0.0,-54.00000000000006,0.996004,0.0,0.0,0.0,0,140,40,2,7.986307144165039,0.00025,1017
2026-03-16T21:05:08.290702,3,93,0.0,-53.900000000000055,0.996004,0.0,0.0,0.0,1,135,40,3,7.807731628417969,0.00025,1027
2026-03-16T21:05:08.958945,3,103,0.0,-54.00000000000006,0.996004,0.0,0.0,0.0,0,176,40,2,9.422779083251953,0.00025,1037
2026-03-16T21:05:09.623675,3,113,0.0,-53.900000000000055,0.996004,0.0,0.0,0.0,1,176,40,8,9.205341339111328,0.00025,1047
2026-03-16T21:05:10.292804,3,123,0.0,-54.00000000000006,0.996004,0.0,0.0,0.0,0,176,40,0,13.300895690917969,0.00025,1057
2026-03-16T21:05:10.956777,3,133,-0.1,-53.900000000000055,0.996004,0.0,0.0,0.0,1,176,40,8,12.224435806274414,0.00025,1067
2026-03-16T21:05:11.624898,3,143,0.0,-54.00000000000006,0.996004,0.0,0.0,0.0,0,176,40,11,13.49639892578125,0.00025,1077
2026-03-16T21:05:12.291292,3,153,0.0,-54.00000000000006,0.996004,0.0,0.0,0.0,0,173,40,11,14.913082122802734,0.00025,1087
2026-03-16T21:05:12.970547,3,163,0.0,-54.00000000000006,0.996004,0.0,0.0,0.0,0,176,40,2,7.65681266784668,0.00025,1097
2026-03-16T21:05:13.637511,3,173,0.0,-54.00000000000006,0.996004,0.0,0.0,0.0,0,160,40,8,11.559009552001953,0.00025,1107
2026-03-16T21:05:14.298489,3,183,0.0,-54.00000000000006,0.996004,0.0,0.0,0.0,0,176,40,8,8.887052536010742,0.00025,1117
2026-03-16T21:05:14.966334,3,193,0.0,-54.00000000000006,0.996004,0.0,0.0,0.0,0,176,40,2,11.44552230834961,0.00025,1127
2026-03-16T21:05:15.632206,3,203,0.0,-54.00000000000006,0.996004,0.0,0.0,0.0,0,176,40,11,12.113571166992188,0.00025,1137
2026-03-16T21:05:16.296306,3,213,0.0,-54.00000000000006,0.996004,0.0,0.0,0.0,0,176,40,11,10.426759719848633,0.00025,1147
2026-03-16T21:05:16.961930,3,223,0.0,-54.00000000000006,0.996004,0.0,0.0,0.0,0,147,40,5,10.93745231628418,0.00025,1157
2026-03-16T21:05:17.626436,3,233,0.0,-53.900000000000055,0.996004,0.0,0.0,0.0,1,147,40,8,8.91733169555664,0.00025,1167
2026-03-16T21:05:18.293151,3,243,0.0,-54.00000000000006,0.996004,0.0,0.0,0.0,0,145,40,5,9.771108627319336,0.00025,1177
2026-03-16T21:05:18.956175,3,253,0.0,-54.00000000000006,0.996004,0.0,0.0,0.0,0,147,40,6,7.205724716186523,0.00025,1187
2026-03-16T21:05:19.624521,3,263,0.0,-54.00000000000006,0.996004,0.0,0.0,0.0,0,176,40,5,8.976459503173828,0.00025,1197
2026-03-16T21:05:20.287799,3,273,0.0,-54.00000000000006,0.996004,0.0,0.0,0.0,0,160,40,5,7.821559906005859,0.00025,1207
2026-03-16T21:05:20.952459,3,283,0.0,-54.00000000000006,0.996004,0.0,0.0,0.0,0,176,40,11,7.674932479858398,0.00025,1217
2026-03-16T21:05:21.622501,3,293,0.0,-54.00000000000006,0.996004,0.0,0.0,0.0,0,160,40,2,10.92839241027832,0.00025,1227
2026-03-16T21:05:22.290931,3,303,0.0,-54.00000000000006,0.996004,0.0,0.0,0.0,0,145,40,5,13.396263122558594,0.00025,1237
2026-03-16T21:05:22.953375,3,313,0.0,-54.00000000000006,0.996004,0.0,0.0,0.0,0,150,40,5,11.986494064331055,0.00025,1247
2026-03-16T21:05:23.616993,3,323,0.0,-54.00000000000006,0.996004,0.0,0.0,0.0,0,138,40,6,9.489774703979492,0.00025,1257
2026-03-16T21:05:24.285963,3,333,0.0,-54.00000000000006,0.996004,0.0,0.0,0.0,0,147,40,8,11.881589889526367,0.00025,1267
2026-03-16T21:05:24.949171,3,343,0.0,-54.00000000000006,0.996004,0.0,0.0,0.0,0,145,40,6,10.034561157226562,0.00025,1277
2026-03-16T21:05:25.614772,3,353,0.0,-54.00000000000006,0.996004,0.0,0.0,0.0,0,145,40,5,9.286165237426758,0.00025,1287
2026-03-16T21:05:26.281806,3,363,0.0,-54.00000000000006,0.996004,0.0,0.0,0.0,0,176,40,8,10.512590408325195,0.00025,1297
2026-03-16T21:05:26.952366,3,373,0.0,-54.00000000000006,0.996004,0.0,0.0,0.0,0,168,40,8,17.454862594604492,0.00025,1307
2026-03-16T21:05:27.612166,3,383,0.0,-54.00000000000006,0.996004,0.0,0.0,0.0,0,160,40,8,11.34490966796875,0.00025,1317
2026-03-16T21:05:28.278979,3,393,0.0,-54.00000000000006,0.996004,0.0,0.0,0.0,0,145,40,11,11.108875274658203,0.00025,1327
2026-03-16T21:05:28.944854,3,403,0.0,-53.800000000000054,0.996004,0.0,0.0,0.0,2,157,40,6,12.538909912109375,0.00025,1337
2026-03-16T21:05:29.606123,3,413,0.0,-54.00000000000006,0.996004,0.0,0.0,0.0,0,138,40,5,8.620977401733398,0.00025,1347
2026-03-16T21:05:30.275527,3,423,0.0,-54.00000000000006,0.996004,0.0,0.0,0.0,0,138,40,11,12.345314025878906,0.00025,1357
2026-03-16T21:05:30.940331,3,433,0.0,-54.00000000000006,0.996004,0.0,0.0,0.0,0,157,40,10,11.154890060424805,0.00025,1367
2026-03-16T21:05:31.604545,3,443,0.0,-54.00000000000006,0.996004,0.0,0.0,0.0,0,173,40,6,10.021209716796875,0.00025,1377
2026-03-16T21:05:32.268012,3,453,0.0,-54.00000000000006,0.996004,0.0,0.0,0.0,0,176,40,6,8.845806121826172,0.00025,1387
2026-03-16T21:05:32.936280,3,463,0.0,-54.00000000000006,0.996004,0.0,0.0,0.0,0,147,40,5,10.212182998657227,0.00025,1397
2026-03-16T21:05:34.085236,4,3,-0.1,-50.60000000000001,0.994011992,0.0,0.0,0.0,34,139,40,10,12.305021286010742,0.00025,1407
2026-03-16T21:05:34.749053,4,13,0.0,-54.00000000000006,0.994011992,0.0,0.0,0.0,0,143,40,5,9.571313858032227,0.00025,1417
2026-03-16T21:05:35.420012,4,23,0.0,-54.00000000000006,0.994011992,0.0,0.0,0.0,0,168,40,10,16.232728958129883,0.00025,1427
2026-03-16T21:05:36.072941,4,33,0.0,-54.00000000000006,0.994011992,0.0,0.0,0.0,0,176,40,0,2.9268264770507812,0.00025,1437
2026-03-16T21:05:36.740563,4,43,0.0,-54.00000000000006,0.994011992,0.0,0.0,0.0,0,160,40,6,5.559206008911133,0.00025,1447
2026-03-16T21:05:37.404101,4,53,0.0,-54.00000000000006,0.994011992,0.0,0.0,0.0,0,176,40,5,3.3261775970458984,0.00025,1457
2026-03-16T21:05:38.070571,4,63,0.0,-54.00000000000006,0.994011992,0.0,0.0,0.0,0,176,40,5,4.323005676269531,0.00025,1467
2026-03-16T21:05:38.736883,4,73,0.0,-54.00000000000006,0.994011992,0.0,0.0,0.0,0,136,40,6,4.793643951416016,0.00025,1477
2026-03-16T21:05:39.402367,4,83,0.0,-54.00000000000006,0.994011992,0.0,0.0,0.0,0,176,40,6,4.447460174560547,0.00025,1487
2026-03-16T21:05:40.071510,4,93,0.0,-54.00000000000006,0.994011992,0.0,0.0,0.0,0,176,40,8,8.346080780029297,0.00025,1497
2026-03-16T21:05:40.740913,4,103,0.0,-54.00000000000006,0.994011992,0.0,0.0,0.0,0,176,40,8,11.757135391235352,0.00025,1507
2026-03-16T21:05:41.403578,4,113,0.0,-53.800000000000054,0.994011992,0.0,0.0,0.0,2,173,40,6,9.291410446166992,0.00025,1517
2026-03-16T21:05:42.065188,4,123,0.0,-54.00000000000006,0.994011992,0.0,0.0,0.0,0,160,40,5,5.2337646484375,0.00025,1527
2026-03-16T21:05:42.734146,4,133,0.0,-54.00000000000006,0.994011992,0.0,0.0,0.0,0,160,40,8,8.754253387451172,0.00025,1537
2026-03-16T21:05:43.406172,4,143,0.0,-54.00000000000006,0.994011992,0.0,0.0,0.0,0,147,40,5,15.585184097290039,0.00025,1547
2026-03-16T21:05:44.066553,4,153,0.0,-54.00000000000006,0.994011992,0.0,0.0,0.0,0,140,40,6,10.042667388916016,0.00025,1557
2026-03-16T21:05:44.738367,4,163,0.0,-54.00000000000006,0.994011992,0.0,0.0,0.0,0,173,40,6,12.289762496948242,0.00025,1567
2026-03-16T21:05:45.400537,4,173,0.0,-54.00000000000006,0.994011992,0.0,0.0,0.0,0,147,40,8,12.609004974365234,0.00025,1577
2026-03-16T21:05:46.067985,4,183,0.0,-54.00000000000006,0.994011992,0.0,0.0,0.0,0,176,40,5,15.093088150024414,0.00025,1587
2026-03-16T21:05:46.729371,4,193,0.0,-54.00000000000006,0.994011992,0.0,0.0,0.0,0,145,40,11,9.171724319458008,0.00025,1597
2026-03-16T21:05:47.394562,4,203,0.0,-54.00000000000006,0.994011992,0.0,0.0,0.0,0,173,40,2,10.162353515625,0.00025,1607
2026-03-16T21:05:48.058046,4,213,0.0,-54.00000000000006,0.994011992,0.0,0.0,0.0,0,176,40,0,8.00013542175293,0.00025,1617
2026-03-16T21:05:48.724597,4,223,0.0,-54.00000000000006,0.994011992,0.0,0.0,0.0,0,173,40,9,9.395360946655273,0.00025,1627
2026-03-16T21:05:49.394410,4,233,0.0,-54.00000000000006,0.994011992,0.0,0.0,0.0,0,128,40,6,13.611555099487305,0.00025,1637
2026-03-16T21:05:50.059386,4,243,0.0,-54.00000000000006,0.994011992,0.0,0.0,0.0,0,147,40,1,12.651205062866211,0.00025,1647
2026-03-16T21:05:50.726341,4,253,0.0,-54.00000000000006,0.994011992,0.0,0.0,0.0,0,176,40,10,14.610767364501953,0.00025,1657
2026-03-16T21:05:51.388404,4,263,0.0,-54.00000000000006,0.994011992,0.0,0.0,0.0,0,149,40,2,10.12563705444336,0.00025,1667
2026-03-16T21:05:52.053224,4,273,0.0,-54.00000000000006,0.994011992,0.0,0.0,0.0,0,140,40,6,9.856939315795898,0.00025,1677
2026-03-16T21:05:52.720933,4,283,0.0,-54.00000000000006,0.994011992,0.0,0.0,0.0,0,176,40,8,11.09004020690918,0.00025,1687
2026-03-16T21:05:53.389616,4,293,0.0,-54.00000000000006,0.994011992,0.0,0.0,0.0,0,138,40,6,13.898849487304688,0.00025,1697
2026-03-16T21:05:54.049986,4,303,0.0,-54.00000000000006,0.994011992,0.0,0.0,0.0,0,145,40,7,10.403871536254883,0.00025,1707
2026-03-16T21:05:54.721798,4,313,0.0,-54.00000000000006,0.994011992,0.0,0.0,0.0,0,138,40,1,16.608715057373047,0.00025,1717
2026-03-16T21:05:55.379724,4,323,0.0,-54.00000000000006,0.994011992,0.0,0.0,0.0,0,147,40,11,8.811712265014648,0.00025,1727
2026-03-16T21:05:56.057208,4,333,0.0,-54.00000000000006,0.994011992,0.0,0.0,0.0,0,173,40,6,3.585338592529297,0.00025,1737
2026-03-16T21:05:56.722144,4,343,0.0,-54.00000000000006,0.994011992,0.0,0.0,0.0,0,176,40,5,3.0775070190429688,0.00025,1747
2026-03-16T21:05:57.390177,4,353,0.0,-54.00000000000006,0.994011992,0.0,0.0,0.0,0,176,40,5,5.091428756713867,0.00025,1757
2026-03-16T21:05:58.055072,4,363,0.0,-54.00000000000006,0.994011992,0.0,0.0,0.0,0,147,40,11,4.815101623535156,0.00025,1767
2026-03-16T21:05:58.721014,4,373,0.1,-53.900000000000055,0.994011992,0.0,0.0,0.0,1,176,40,8,4.014730453491211,0.00025,1777
2026-03-16T21:05:59.385653,4,383,0.0,-54.00000000000006,0.994011992,0.0,0.0,0.0,0,145,40,2,3.9374828338623047,0.00025,1787
2026-03-16T21:06:00.056312,4,393,0.0,-54.00000000000006,0.994011992,0.0,0.0,0.0,0,173,40,2,8.806228637695312,0.00025,1797
2026-03-16T21:06:00.718824,4,403,0.0,-54.00000000000006,0.994011992,0.0,0.0,0.0,0,176,40,8,6.702899932861328,0.00025,1807
2026-03-16T21:06:01.386907,4,413,0.0,-54.00000000000006,0.994011992,0.0,0.0,0.0,0,135,40,6,8.922815322875977,0.00025,1817
2026-03-16T21:06:02.052006,4,423,0.0,-54.00000000000006,0.994011992,0.0,0.0,0.0,0,176,40,5,9.08207893371582,0.00025,1827
2026-03-16T21:06:02.719163,4,433,0.0,-54.00000000000006,0.994011992,0.0,0.0,0.0,0,176,40,8,9.70149040222168,0.00025,1837
2026-03-16T21:06:03.382264,4,443,0.0,-54.00000000000006,0.994011992,0.0,0.0,0.0,0,173,40,5,8.098840713500977,0.00025,1847
2026-03-16T21:06:04.048618,4,453,0.0,-54.00000000000006,0.994011992,0.0,0.0,0.0,0,152,40,8,8.184671401977539,0.00025,1857
2026-03-16T21:06:05.252278,5,2,0.0,-50.0,0.992023968016,0.0,0.0,0.0,40,176,40,8,5.932092666625977,0.00025,1867
2026-03-16T21:06:05.912566,5,12,-0.2,-52.80000000000004,0.992023968016,0.0,0.0,0.0,12,148,40,0,8.315086364746094,0.00025,1877
2026-03-16T21:06:06.579837,5,22,0.0,-54.00000000000006,0.992023968016,0.0,0.0,0.0,0,176,40,8,9.185791015625,0.00025,1887
2026-03-16T21:06:07.246425,5,32,0.0,-54.00000000000006,0.992023968016,0.0,0.0,0.0,0,176,40,10,10.540485382080078,0.00025,1897
2026-03-16T21:06:07.911758,5,42,0.0,-54.00000000000006,0.992023968016,0.0,0.0,0.0,0,176,40,1,10.859966278076172,0.00025,1907
2026-03-16T21:06:08.577338,5,52,0.0,-54.00000000000006,0.992023968016,0.0,0.0,0.0,0,157,40,10,11.547088623046875,0.00025,1917
2026-03-16T21:06:09.238954,5,62,0.0,-54.00000000000006,0.992023968016,0.0,0.0,0.0,0,160,40,8,7.635354995727539,0.00025,1927
2026-03-16T21:06:09.906824,5,72,0.0,-54.00000000000006,0.992023968016,0.0,0.0,0.0,0,149,40,0,8.815526962280273,0.00025,1937
2026-03-16T21:06:10.571181,5,82,0.0,-54.00000000000006,0.992023968016,0.0,0.0,0.0,0,160,40,10,8.734703063964844,0.00025,1947
2026-03-16T21:06:11.237715,5,92,0.0,-54.00000000000006,0.992023968016,0.0,0.0,0.0,0,160,40,10,9.293317794799805,0.00025,1957
2026-03-16T21:06:11.902345,5,102,0.0,-54.00000000000006,0.992023968016,0.0,0.0,0.0,0,147,40,7,8.032560348510742,0.00025,1967
2026-03-16T21:06:12.568567,5,112,-0.1,-53.900000000000055,0.992023968016,0.0,0.0,0.0,1,149,40,6,8.079290390014648,0.00025,1977
2026-03-16T21:06:13.235025,5,122,0.0,-54.00000000000006,0.992023968016,0.0,0.0,0.0,0,145,40,2,9.549379348754883,0.00025,1987
2026-03-16T21:06:13.902173,5,132,0.0,-54.00000000000006,0.992023968016,0.0,0.0,0.0,0,157,40,5,11.70206069946289,0.00025,1997
2026-03-16T21:06:14.570249,5,142,0.0,-54.00000000000006,0.992023968016,0.0,0.0,0.0,0,173,40,8,14.109373092651367,0.00025,2007
2026-03-16T21:06:15.230388,5,152,0.0,-54.00000000000006,0.992023968016,0.0,0.0,0.0,0,176,40,5,9.136676788330078,0.00025,2017
2026-03-16T21:06:15.897935,5,162,0.0,-54.00000000000006,0.992023968016,0.0,0.0,0.0,0,160,40,11,10.701417922973633,0.00025,2027
2026-03-16T21:06:16.578396,5,172,0.0,-54.00000000000006,0.992023968016,0.0,0.0,0.0,0,149,40,2,8.853912353515625,0.00025,2037
2026-03-16T21:06:17.243241,5,182,0.1,-53.900000000000055,0.992023968016,0.0,0.0,0.0,1,138,40,4,7.761716842651367,0.00025,2047
2026-03-16T21:06:17.906592,5,192,-0.1,-53.70000000000005,0.992023968016,0.0,0.0,0.0,3,136,40,8,5.965232849121094,0.00025,2057
2026-03-16T21:06:18.577211,5,202,0.0,-54.00000000000006,0.992023968016,0.0,0.0,0.0,0,160,40,10,11.015892028808594,0.00025,2067
2026-03-16T21:06:19.243139,5,212,0.1,-53.900000000000055,0.992023968016,0.0,0.0,0.0,1,176,40,1,11.533975601196289,0.00025,2077
2026-03-16T21:06:19.908711,5,222,0.0,-53.900000000000055,0.992023968016,0.0,0.0,0.0,1,176,40,5,11.95526123046875,0.00025,2087
2026-03-16T21:06:20.573347,5,232,0.0,-54.00000000000006,0.992023968016,0.0,0.0,0.0,0,176,40,8,10.213613510131836,0.00025,2097
2026-03-16T21:06:21.236962,5,242,0.0,-54.00000000000006,0.992023968016,0.0,0.0,0.0,0,176,40,2,8.400917053222656,0.00025,2107
2026-03-16T21:06:21.896326,5,252,0.0,-54.00000000000006,0.992023968016,0.0,0.0,0.0,0,163,40,10,2.932310104370117,0.00025,2117
2026-03-16T21:06:22.564008,5,262,0.0,-54.00000000000006,0.992023968016,0.0,0.0,0.0,0,145,40,5,3.7844181060791016,0.00025,2127
2026-03-16T21:06:23.230227,5,272,0.0,-54.00000000000006,0.992023968016,0.0,0.0,0.0,0,173,40,11,5.477428436279297,0.00025,2137
2026-03-16T21:06:23.893925,5,282,0.0,-54.00000000000006,0.992023968016,0.0,0.0,0.0,0,160,40,0,2.963542938232422,0.00025,2147
2026-03-16T21:06:24.563555,5,292,0.0,-54.00000000000006,0.992023968016,0.0,0.0,0.0,0,147,40,8,6.159305572509766,0.00025,2157
2026-03-16T21:06:25.229915,5,302,0.0,-54.00000000000006,0.992023968016,0.0,0.0,0.0,0,173,40,5,8.499622344970703,0.00025,2167
2026-03-16T21:06:25.891427,5,312,0.0,-54.00000000000006,0.992023968016,0.0,0.0,0.0,0,152,40,6,4.6787261962890625,0.00025,2177
2026-03-16T21:06:26.561589,5,322,0.0,-54.00000000000006,0.992023968016,0.0,0.0,0.0,0,145,40,8,9.255647659301758,0.00025,2187
2026-03-16T21:06:27.243425,5,332,0.0,-54.00000000000006,0.992023968016,0.0,0.0,0.0,0,152,40,6,7.788419723510742,0.00025,2197
2026-03-16T21:06:27.907184,5,342,0.0,-54.00000000000006,0.992023968016,0.0,0.0,0.0,0,165,40,10,7.065773010253906,0.00025,2207
2026-03-16T21:06:28.576911,5,352,0.0,-53.800000000000054,0.992023968016,0.0,0.0,0.0,2,173,40,11,10.659933090209961,0.00025,2217
2026-03-16T21:06:29.241356,5,362,0.0,-54.00000000000006,0.992023968016,0.0,0.0,0.0,0,176,40,5,9.378910064697266,0.00025,2227
2026-03-16T21:06:29.907887,5,372,0.0,-54.00000000000006,0.992023968016,0.0,0.0,0.0,0,145,40,5,10.632038116455078,0.00025,2237
2026-03-16T21:06:30.575878,5,382,0.1,-53.900000000000055,0.992023968016,0.0,0.0,0.0,1,135,40,1,13.688802719116211,0.00025,2247
2026-03-16T21:06:31.236064,5,392,0.0,-54.00000000000006,0.992023968016,0.0,0.0,0.0,0,148,40,11,8.231878280639648,0.00025,2257
2026-03-16T21:06:31.899484,5,402,0.0,-54.00000000000006,0.992023968016,0.0,0.0,0.0,0,148,40,5,6.118297576904297,0.00025,2267
2026-03-16T21:06:32.571798,5,412,0.0,-54.00000000000006,0.992023968016,0.0,0.0,0.0,0,146,40,7,12.481451034545898,0.00025,2277
2026-03-16T21:06:33.233996,5,422,0.0,-53.900000000000055,0.992023968016,0.0,0.0,0.0,1,147,40,5,9.440422058105469,0.00025,2287
2026-03-16T21:06:33.905982,5,432,0.0,-54.00000000000006,0.992023968016,0.0,0.0,0.0,0,176,40,6,14.630317687988281,0.00025,2297
2026-03-16T21:06:34.567816,5,442,0.0,-54.00000000000006,0.992023968016,0.0,0.0,0.0,0,160,40,5,11.570930480957031,0.00025,2307
2026-03-16T21:06:35.232944,5,452,0.0,-54.00000000000006,0.992023968016,0.0,0.0,0.0,0,164,40,8,11.351585388183594,0.00025,2317
2026-03-16T21:06:35.898766,5,462,0.0,-54.00000000000006,0.992023968016,0.0,0.0,0.0,0,152,40,5,10.759830474853516,0.00025,2327
2026-03-16T21:06:37.014058,6,6,0.0,-50.0,0.990039920079968,0.0,0.0,0.0,40,145,40,6,11.593103408813477,0.00025,2337
2026-03-16T21:06:37.679295,6,16,-0.2,-51.40000000000002,0.990039920079968,0.0,0.0,0.0,26,147,40,1,11.298179626464844,0.00025,2347
2026-03-16T21:06:38.343946,6,26,0.0,-54.00000000000006,0.990039920079968,0.0,0.0,0.0,0,145,40,5,11.06572151184082,0.00025,2357
2026-03-16T21:06:39.006591,6,36,0.0,-54.00000000000006,0.990039920079968,0.0,0.0,0.0,0,157,40,6,7.2498321533203125,0.00025,2367
2026-03-16T21:06:39.677122,6,46,0.0,-54.00000000000006,0.990039920079968,0.0,0.0,0.0,0,140,40,1,11.668920516967773,0.00025,2377
2026-03-16T21:06:40.337940,6,56,0.0,-54.00000000000006,0.990039920079968,0.0,0.0,0.0,0,128,40,8,8.221626281738281,0.00025,2387
2026-03-16T21:06:41.005329,6,66,0.0,-54.00000000000006,0.990039920079968,0.0,0.0,0.0,0,138,40,5,9.46497917175293,0.00025,2397
2026-03-16T21:06:41.676832,6,76,0.0,-54.00000000000006,0.990039920079968,0.0,0.0,0.0,0,157,40,5,15.967845916748047,0.00025,2407
2026-03-16T21:06:42.348532,6,86,0.0,-54.00000000000006,0.990039920079968,0.0,0.0,0.0,0,176,40,5,21.82149887084961,0.00025,2417
2026-03-16T21:06:43.007806,6,96,0.0,-54.00000000000006,0.990039920079968,0.0,0.0,0.0,0,147,40,8,14.620304107666016,0.00025,2427
2026-03-16T21:06:43.673091,6,106,0.0,-54.00000000000006,0.990039920079968,0.0,0.0,0.0,0,145,40,10,15.480756759643555,0.00025,2437
2026-03-16T21:06:44.329375,6,116,0.0,-54.00000000000006,0.990039920079968,0.0,0.0,0.0,0,173,40,5,6.676673889160156,0.00025,2447
2026-03-16T21:06:44.995738,6,126,0.0,-54.00000000000006,0.990039920079968,0.0,0.0,0.0,0,176,40,5,7.282257080078125,0.00025,2457
2026-03-16T21:06:45.663547,6,136,0.0,-54.00000000000006,0.990039920079968,0.0,0.0,0.0,0,176,40,8,9.067058563232422,0.00025,2467
2026-03-16T21:06:46.329346,6,146,0.1,-53.800000000000054,0.990039920079968,0.0,0.0,0.0,2,140,40,2,9.205102920532227,0.00025,2477
2026-03-16T21:06:47.000616,6,156,0.0,-54.00000000000006,0.990039920079968,0.0,0.0,0.0,0,147,40,5,15.609979629516602,0.00025,2487
2026-03-16T21:06:47.671737,6,166,0.1,-53.900000000000055,0.990039920079968,0.0,0.0,0.0,1,149,40,5,3.7119388580322266,0.00025,2497
2026-03-16T21:06:48.354096,6,176,0.0,-54.00000000000006,0.990039920079968,0.0,0.0,0.0,0,147,40,5,4.582881927490234,0.00025,2507
2026-03-16T21:06:49.020342,6,186,0.0,-54.00000000000006,0.990039920079968,0.0,0.0,0.0,0,168,40,11,5.24592399597168,0.00025,2517
2026-03-16T21:06:49.683259,6,196,0.0,-54.00000000000006,0.990039920079968,0.0,0.0,0.0,0,160,40,7,2.681732177734375,0.00025,2527
2026-03-16T21:06:50.350620,6,206,0.0,-54.00000000000006,0.990039920079968,0.0,0.0,0.0,0,135,40,5,3.7627220153808594,0.00025,2537
2026-03-16T21:06:51.015397,6,216,0.0,-54.00000000000006,0.990039920079968,0.0,0.0,0.0,0,176,40,11,3.495931625366211,0.00025,2547
2026-03-16T21:06:51.684829,6,226,0.0,-54.00000000000006,0.990039920079968,0.0,0.0,0.0,0,160,40,8,7.785797119140625,0.00025,2557
2026-03-16T21:06:52.351904,6,236,0.0,-54.00000000000006,0.990039920079968,0.0,0.0,0.0,0,147,40,6,8.029460906982422,0.00025,2567
2026-03-16T21:06:53.018003,6,246,0.0,-54.00000000000006,0.990039920079968,0.0,0.0,0.0,0,152,40,8,7.899761199951172,0.00025,2577
2026-03-16T21:06:53.683423,6,256,0.0,-54.00000000000006,0.990039920079968,0.0,0.0,0.0,0,160,40,6,9.114980697631836,0.00025,2587
2026-03-16T21:06:54.351502,6,266,0.0,-54.00000000000006,0.990039920079968,0.0,0.0,0.0,0,147,40,8,11.652469635009766,0.00025,2597
2026-03-16T21:06:55.015694,6,276,0.0,-54.00000000000006,0.990039920079968,0.0,0.0,0.0,0,152,40,2,10.102510452270508,0.00025,2607
2026-03-16T21:06:55.698324,6,286,0.1,-53.900000000000055,0.990039920079968,0.0,0.0,0.0,1,176,40,5,10.341882705688477,0.00025,2617
2026-03-16T21:06:56.369731,6,296,0.0,-54.00000000000006,0.990039920079968,0.0,0.0,0.0,0,160,40,8,16.187667846679688,0.00025,2627
2026-03-16T21:06:57.030305,6,306,0.0,-54.00000000000006,0.990039920079968,0.0,0.0,0.0,0,147,40,8,11.662006378173828,0.00025,2637
2026-03-16T21:06:57.695265,6,316,0.0,-54.00000000000006,0.990039920079968,0.0,0.0,0.0,0,147,40,5,11.273622512817383,0.00025,2647
2026-03-16T21:06:58.378015,6,326,0.0,-54.00000000000006,0.990039920079968,0.0,0.0,0.0,0,162,40,5,11.158466339111328,0.00025,2657
2026-03-16T21:06:59.043590,6,336,0.0,-54.00000000000006,0.990039920079968,0.0,0.0,0.0,0,176,40,4,11.440753936767578,0.00025,2667
2026-03-16T21:06:59.707537,6,346,-0.1,-53.800000000000054,0.990039920079968,0.0,0.0,0.0,2,160,40,5,9.741067886352539,0.00025,2677
2026-03-16T21:07:00.373295,6,356,0.0,-54.00000000000006,0.990039920079968,0.0,0.0,0.0,0,160,40,1,9.415149688720703,0.00025,2687
2026-03-16T21:07:01.039249,6,366,0.0,-54.00000000000006,0.990039920079968,0.0,0.0,0.0,0,128,40,6,9.711503982543945,0.00025,2697
2026-03-16T21:07:01.702892,6,376,0.0,-54.00000000000006,0.990039920079968,0.0,0.0,0.0,0,149,40,8,8.388042449951172,0.00025,2707
2026-03-16T21:07:02.370747,6,386,0.0,-54.00000000000006,0.990039920079968,0.0,0.0,0.0,0,157,40,5,10.853052139282227,0.00025,2717
2026-03-16T21:07:03.033736,6,396,0.0,-54.00000000000006,0.990039920079968,0.0,0.0,0.0,0,135,40,5,7.282257080078125,0.00025,2727
2026-03-16T21:07:03.702931,6,406,0.0,-54.00000000000006,0.990039920079968,0.0,0.0,0.0,0,160,40,11,11.937618255615234,0.00025,2737
2026-03-16T21:07:04.367996,6,416,0.0,-54.00000000000006,0.990039920079968,0.0,0.0,0.0,0,176,40,8,11.287450790405273,0.00025,2747
2026-03-16T21:07:05.033735,6,426,0.0,-54.00000000000006,0.990039920079968,0.0,0.0,0.0,0,176,40,11,11.300086975097656,0.00025,2757
2026-03-16T21:07:05.699120,6,436,0.0,-54.00000000000006,0.990039920079968,0.0,0.0,0.0,0,176,40,11,11.78741455078125,0.00025,2767
2026-03-16T21:07:06.362860,6,446,0.0,-54.00000000000006,0.990039920079968,0.0,0.0,0.0,0,128,40,8,9.816169738769531,0.00025,2777
2026-03-16T21:07:07.031455,6,456,0.0,-54.00000000000006,0.990039920079968,0.0,0.0,0.0,0,157,40,5,11.351346969604492,0.00025,2787
2026-03-16T21:07:07.700320,6,466,0.0,-53.900000000000055,0.990039920079968,0.0,0.0,0.0,1,173,40,6,14.746427536010742,0.00025,2797
2026-03-16T21:07:08.809368,7,3,0.0,-50.2,0.9880598402398081,0.0,0.0,0.0,38,176,40,11,9.90748405456543,0.00025,2807
2026-03-16T21:07:09.474797,7,13,0.0,-51.20000000000002,0.9880598402398081,0.0,0.0,0.0,28,176,40,0,9.877681732177734,0.00025,2817
2026-03-16T21:07:10.140395,7,23,0.0,-53.40000000000005,0.9880598402398081,0.0,0.0,0.0,6,176,40,11,10.324716567993164,0.00025,2827
2026-03-16T21:07:10.813597,7,33,0.0,-54.00000000000006,0.9880598402398081,0.0,0.0,0.0,0,176,40,6,17.583131790161133,0.00025,2837
2026-03-16T21:07:11.471376,7,43,-0.1,-53.50000000000005,0.9880598402398081,0.0,0.0,0.0,5,176,40,1,10.331869125366211,0.00025,2847
2026-03-16T21:07:12.136827,7,53,0.0,-54.00000000000006,0.9880598402398081,0.0,0.0,0.0,0,176,40,2,9.391546249389648,0.00025,2857
2026-03-16T21:07:12.804438,7,63,0.0,-54.00000000000006,0.9880598402398081,0.0,0.0,0.0,0,160,40,10,12.391328811645508,0.00025,2867
2026-03-16T21:07:13.467131,7,73,0.0,-53.200000000000045,0.9880598402398081,0.0,0.0,0.0,8,176,40,2,9.244680404663086,0.00025,2877
2026-03-16T21:07:14.137516,7,83,0.0,-54.00000000000006,0.9880598402398081,0.0,0.0,0.0,0,168,40,8,13.240337371826172,0.00025,2887
2026-03-16T21:07:14.801936,7,93,0.0,-53.30000000000005,0.9880598402398081,0.0,0.0,0.0,7,176,40,10,12.218475341796875,0.00025,2897
2026-03-16T21:07:15.465556,7,103,-0.1,-53.60000000000005,0.9880598402398081,0.0,0.0,0.0,4,176,40,2,10.904073715209961,0.00025,2907
2026-03-16T21:07:16.133189,7,113,0.0,-54.00000000000006,0.9880598402398081,0.0,0.0,0.0,0,176,40,10,12.656450271606445,0.00025,2917
2026-03-16T21:07:16.797943,7,123,0.0,-54.00000000000006,0.9880598402398081,0.0,0.0,0.0,0,173,40,8,12.565851211547852,0.00025,2927
2026-03-16T21:07:17.464262,7,133,0.0,-54.00000000000006,0.9880598402398081,0.0,0.0,0.0,0,176,40,5,12.572050094604492,0.00025,2937
2026-03-16T21:07:18.130057,7,143,0.0,-53.900000000000055,0.9880598402398081,0.0,0.0,0.0,1,145,40,6,12.454032897949219,0.00025,2947
2026-03-16T21:07:18.795168,7,153,0.0,-54.00000000000006,0.9880598402398081,0.0,0.0,0.0,0,123,40,11,12.990713119506836,0.00025,2957
2026-03-16T21:07:19.485384,7,163,0.0,-54.00000000000006,0.9880598402398081,0.0,0.0,0.0,0,157,40,6,9.755849838256836,0.00025,2967
2026-03-16T21:07:20.140194,7,173,0.0,-53.900000000000055,0.9880598402398081,0.0,0.0,0.0,1,176,40,11,9.71221923828125,0.00025,2977
2026-03-16T21:07:20.808654,7,183,0.0,-54.00000000000006,0.9880598402398081,0.0,0.0,0.0,0,149,40,10,13.265848159790039,0.00025,2987
2026-03-16T21:07:21.471367,7,193,0.0,-54.00000000000006,0.9880598402398081,0.0,0.0,0.0,0,149,40,8,9.3994140625,0.00025,2997
2026-03-16T21:07:22.139625,7,203,0.0,-54.00000000000006,0.9880598402398081,0.0,0.0,0.0,0,147,40,1,12.718439102172852,0.00025,3007
2026-03-16T21:07:22.806097,7,213,0.0,-54.00000000000006,0.9880598402398081,0.0,0.0,0.0,0,152,40,6,13.884305953979492,0.00025,3017
2026-03-16T21:07:23.468791,7,223,0.0,-54.00000000000006,0.9880598402398081,0.0,0.0,0.0,0,176,40,8,11.090278625488281,0.00025,3027
2026-03-16T21:07:24.132125,7,233,0.0,-54.00000000000006,0.9880598402398081,0.0,0.0,0.0,0,176,40,10,8.944272994995117,0.00025,3037
2026-03-16T21:07:24.801507,7,243,0.0,-54.00000000000006,0.9880598402398081,0.0,0.0,0.0,0,176,40,5,11.583805084228516,0.00025,3047
2026-03-16T21:07:25.464733,7,253,0.0,-54.00000000000006,0.9880598402398081,0.0,0.0,0.0,0,147,40,5,9.992837905883789,0.00025,3057
2026-03-16T21:07:26.131071,7,263,0.0,-53.900000000000055,0.9880598402398081,0.0,0.0,0.0,1,176,40,11,10.281562805175781,0.00025,3067
2026-03-16T21:07:26.798617,7,273,0.0,-54.00000000000006,0.9880598402398081,0.0,0.0,0.0,0,140,40,8,12.14146614074707,0.00025,3077
2026-03-16T21:07:27.465334,7,283,0.0,-53.100000000000044,0.9880598402398081,0.0,0.0,0.0,9,176,40,11,14.039993286132812,0.00025,3087
2026-03-16T21:07:28.132289,7,293,0.0,-54.00000000000006,0.9880598402398081,0.0,0.0,0.0,0,147,40,8,13.646364212036133,0.00025,3097
2026-03-16T21:07:28.796149,7,303,0.0,-54.00000000000006,0.9880598402398081,0.0,0.0,0.0,0,147,40,5,13.554573059082031,0.00025,3107
2026-03-16T21:07:29.458012,7,313,0.0,-54.00000000000006,0.9880598402398081,0.0,0.0,0.0,0,176,40,5,9.428977966308594,0.00025,3117
2026-03-16T21:07:30.123446,7,323,0.0,-54.00000000000006,0.9880598402398081,0.0,0.0,0.0,0,165,40,2,8.728981018066406,0.00025,3127
2026-03-16T21:07:30.787778,7,333,0.0,-54.00000000000006,0.9880598402398081,0.0,0.0,0.0,0,173,40,6,8.683919906616211,0.00025,3137
2026-03-16T21:07:31.473071,7,343,0.0,-54.00000000000006,0.9880598402398081,0.0,0.0,0.0,0,176,40,11,10.59722900390625,0.00025,3147
2026-03-16T21:07:32.131803,7,353,0.0,-54.00000000000006,0.9880598402398081,0.0,0.0,0.0,0,176,40,8,4.846334457397461,0.00025,3157
2026-03-16T21:07:32.910297,7,363,0.0,-54.00000000000006,0.9880598402398081,0.0,0.0,0.0,0,176,40,5,3.904581069946289,0.00025,3167
2026-03-16T21:07:33.577022,7,373,0.0,-54.00000000000006,0.9880598402398081,0.0,0.0,0.0,0,160,40,0,4.26793098449707,0.00025,3177
2026-03-16T21:07:34.242003,7,383,0.0,-53.900000000000055,0.9880598402398081,0.0,0.0,0.0,1,145,40,5,3.4332275390625,0.00025,3187
2026-03-16T21:07:34.906376,7,393,0.0,-53.900000000000055,0.9880598402398081,0.0,0.0,0.0,1,135,40,2,2.901792526245117,0.00025,3197
2026-03-16T21:07:35.574390,7,403,0.0,-53.70000000000005,0.9880598402398081,0.0,0.0,0.0,3,173,40,0,5.1708221435546875,0.00025,3207
2026-03-16T21:07:36.244565,7,413,0.0,-53.800000000000054,0.9880598402398081,0.0,0.0,0.0,2,147,40,10,9.429454803466797,0.00025,3217
2026-03-16T21:07:36.904960,7,423,0.0,-54.00000000000006,0.9880598402398081,0.0,0.0,0.0,0,152,40,8,5.231618881225586,0.00025,3227
2026-03-16T21:07:37.575282,7,433,0.0,-54.00000000000006,0.9880598402398081,0.0,0.0,0.0,0,176,40,5,9.6282958984375,0.00025,3237
2026-03-16T21:07:38.238195,7,443,0.0,-54.00000000000006,0.9880598402398081,0.0,0.0,0.0,0,149,40,0,7.242679595947266,0.00025,3247
2026-03-16T21:07:39.372522,8,1,0.0,-50.1,0.9860837205593285,0.0,0.0,0.0,39,160,40,8,9.661674499511719,0.00025,3258
2026-03-16T21:07:40.038699,8,11,0.0,-53.40000000000005,0.9860837205593285,0.0,0.0,0.0,6,176,40,5,10.534048080444336,0.00025,3267
2026-03-16T21:07:40.704946,8,21,0.0,-54.00000000000006,0.9860837205593285,0.0,0.0,0.0,0,149,40,5,10.391950607299805,0.00025,3277
2026-03-16T21:07:41.370976,8,31,0.0,-54.00000000000006,0.9860837205593285,0.0,0.0,0.0,0,140,40,8,12.019872665405273,0.00025,3287
2026-03-16T21:07:42.038755,8,41,0.0,-54.00000000000006,0.9860837205593285,0.0,0.0,0.0,0,176,40,7,14.043331146240234,0.00025,3297
2026-03-16T21:07:42.700693,8,51,0.0,-54.00000000000006,0.9860837205593285,0.0,0.0,0.0,0,176,40,10,10.936737060546875,0.00025,3307
2026-03-16T21:07:43.368937,8,61,0.0,-54.00000000000006,0.9860837205593285,0.0,0.0,0.0,0,176,40,11,12.543201446533203,0.00025,3317
2026-03-16T21:07:44.036835,8,71,0.0,-53.800000000000054,0.9860837205593285,0.0,0.0,0.0,2,149,40,7,15.585660934448242,0.00025,3327
2026-03-16T21:07:44.700263,8,81,0.0,-54.00000000000006,0.9860837205593285,0.0,0.0,0.0,0,157,40,6,12.429237365722656,0.00025,3337
2026-03-16T21:07:45.363488,8,91,0.1,-53.800000000000054,0.9860837205593285,0.0,0.0,0.0,2,145,40,11,10.433435440063477,0.00025,3347
2026-03-16T21:07:46.027742,8,101,0.0,-54.00000000000006,0.9860837205593285,0.0,0.0,0.0,0,173,40,10,9.469747543334961,0.00025,3357
2026-03-16T21:07:46.693285,8,111,0.0,-53.800000000000054,0.9860837205593285,0.0,0.0,0.0,2,145,40,2,8.896112442016602,0.00025,3367
2026-03-16T21:07:47.361565,8,121,0.0,-53.900000000000055,0.9860837205593285,0.0,0.0,0.0,1,157,40,7,10.56981086730957,0.00025,3377
2026-03-16T21:07:48.025295,8,131,0.0,-54.00000000000006,0.9860837205593285,0.0,0.0,0.0,0,176,40,11,10.278940200805664,0.00025,3387
2026-03-16T21:07:48.696139,8,141,0.0,-54.00000000000006,0.9860837205593285,0.0,0.0,0.0,0,147,40,5,15.680074691772461,0.00025,3397
2026-03-16T21:07:49.358228,8,151,0.0,-54.00000000000006,0.9860837205593285,0.0,0.0,0.0,0,176,40,6,12.509584426879883,0.00025,3407
2026-03-16T21:07:50.020780,8,161,0.0,-54.00000000000006,0.9860837205593285,0.0,0.0,0.0,0,176,40,6,8.724689483642578,0.00025,3417
2026-03-16T21:07:50.703368,8,171,0.0,-54.00000000000006,0.9860837205593285,0.0,0.0,0.0,0,176,40,6,9.500265121459961,0.00025,3427
2026-03-16T21:07:51.370791,8,181,0.0,-54.00000000000006,0.9860837205593285,0.0,0.0,0.0,0,176,40,6,11.101484298706055,0.00025,3437
2026-03-16T21:07:52.034341,8,191,0.0,-54.00000000000006,0.9860837205593285,0.0,0.0,0.0,0,128,40,8,9.41610336303711,0.00025,3447
2026-03-16T21:07:52.702188,8,201,0.0,-54.00000000000006,0.9860837205593285,0.0,0.0,0.0,0,140,40,6,11.51418685913086,0.00025,3457
2026-03-16T21:07:53.367992,8,211,0.0,-54.00000000000006,0.9860837205593285,0.0,0.0,0.0,0,145,40,8,10.993480682373047,0.00025,3467
2026-03-16T21:07:54.034660,8,221,0.0,-54.00000000000006,0.9860837205593285,0.0,0.0,0.0,0,135,40,5,13.763666152954102,0.00025,3477
2026-03-16T21:07:54.696211,8,231,0.0,-54.00000000000006,0.9860837205593285,0.0,0.0,0.0,0,176,40,5,9.100675582885742,0.00025,3487
2026-03-16T21:07:55.362618,8,241,0.0,-54.00000000000006,0.9860837205593285,0.0,0.0,0.0,0,149,40,11,9.351968765258789,0.00025,3497
2026-03-16T21:07:56.028784,8,251,0.1,-53.800000000000054,0.9860837205593285,0.0,0.0,0.0,2,145,40,5,9.879827499389648,0.00025,3507
2026-03-16T21:07:56.692755,8,261,0.0,-54.00000000000006,0.9860837205593285,0.0,0.0,0.0,0,147,40,6,8.771181106567383,0.00025,3517
2026-03-16T21:07:57.360186,8,271,0.0,-54.00000000000006,0.9860837205593285,0.0,0.0,0.0,0,176,40,6,9.483575820922852,0.00025,3527
2026-03-16T21:07:58.024669,8,281,0.0,-54.00000000000006,0.9860837205593285,0.0,0.0,0.0,0,157,40,8,9.527444839477539,0.00025,3537
2026-03-16T21:07:58.694542,8,291,0.0,-54.00000000000006,0.9860837205593285,0.0,0.0,0.0,0,176,40,5,11.841773986816406,0.00025,3547
2026-03-16T21:07:59.357441,8,301,0.0,-54.00000000000006,0.9860837205593285,0.0,0.0,0.0,0,176,40,5,10.459184646606445,0.00025,3557
2026-03-16T21:08:00.025900,8,311,0.1,-53.900000000000055,0.9860837205593285,0.0,0.0,0.0,1,145,40,5,13.791799545288086,0.00025,3567
2026-03-16T21:08:00.686781,8,321,0.0,-54.00000000000006,0.9860837205593285,0.0,0.0,0.0,0,160,40,5,9.953975677490234,0.00025,3577
2026-03-16T21:08:01.368100,8,331,0.0,-54.00000000000006,0.9860837205593285,0.0,0.0,0.0,0,145,40,1,8.235692977905273,0.00025,3587
2026-03-16T21:08:02.035805,8,341,0.0,-53.900000000000055,0.9860837205593285,0.0,0.0,0.0,1,135,40,6,9.786367416381836,0.00025,3597
2026-03-16T21:08:02.700491,8,351,0.0,-54.00000000000006,0.9860837205593285,0.0,0.0,0.0,0,152,40,11,9.894371032714844,0.00025,3607
2026-03-16T21:08:03.365988,8,361,0.0,-54.00000000000006,0.9860837205593285,0.0,0.0,0.0,0,152,40,5,10.071754455566406,0.00025,3617
2026-03-16T21:08:04.030715,8,371,0.0,-54.00000000000006,0.9860837205593285,0.0,0.0,0.0,0,176,40,11,9.13548469543457,0.00025,3627
2026-03-16T21:08:04.697174,8,381,0.0,-54.00000000000006,0.9860837205593285,0.0,0.0,0.0,0,176,40,8,10.294914245605469,0.00025,3637
2026-03-16T21:08:05.363443,8,391,0.0,-54.00000000000006,0.9860837205593285,0.0,0.0,0.0,0,176,40,5,11.461019515991211,0.00025,3647
2026-03-16T21:08:06.031806,8,401,0.0,-54.00000000000006,0.9860837205593285,0.0,0.0,0.0,0,147,40,11,13.414859771728516,0.00025,3657
2026-03-16T21:08:06.692599,8,411,0.0,-54.00000000000006,0.9860837205593285,0.0,0.0,0.0,0,176,40,8,8.625268936157227,0.00025,3667
2026-03-16T21:08:07.358915,8,421,0.0,-54.00000000000006,0.9860837205593285,0.0,0.0,0.0,0,157,40,5,9.054183959960938,0.00025,3677
2026-03-16T21:08:08.023454,8,431,0.0,-54.00000000000006,0.9860837205593285,0.0,0.0,0.0,0,128,40,11,7.990360260009766,0.00025,3687
2026-03-16T21:08:08.691038,8,441,0.0,-54.00000000000006,0.9860837205593285,0.0,0.0,0.0,0,147,40,6,9.615182876586914,0.00025,3697
2026-03-16T21:08:09.356543,8,451,0.0,-54.00000000000006,0.9860837205593285,0.0,0.0,0.0,0,176,40,5,10.10894775390625,0.00025,3707
2026-03-16T21:08:10.552107,9,2,-0.1,-50.300000000000004,0.9841115531182099,0.0,0.0,0.0,37,149,40,6,12.388467788696289,0.00025,3717
2026-03-16T21:08:11.223151,9,12,0.0,-51.000000000000014,0.9841115531182099,0.0,0.0,0.0,30,157,40,5,12.830018997192383,0.00025,3727
2026-03-16T21:08:11.887730,9,22,-0.1,-52.90000000000004,0.9841115531182099,0.0,0.0,0.0,11,176,40,5,12.935876846313477,0.00025,3737
2026-03-16T21:08:12.550860,9,32,0.0,-53.900000000000055,0.9841115531182099,0.0,0.0,0.0,1,138,40,0,10.261058807373047,0.00025,3747
2026-03-16T21:08:13.216699,9,42,0.0,-53.900000000000055,0.9841115531182099,0.0,0.0,0.0,1,128,40,8,10.794639587402344,0.00025,3757
2026-03-16T21:08:13.882394,9,52,0.0,-54.00000000000006,0.9841115531182099,0.0,0.0,0.0,0,147,40,6,10.651588439941406,0.00025,3767
2026-03-16T21:08:14.546986,9,62,0.0,-54.00000000000006,0.9841115531182099,0.0,0.0,0.0,0,160,40,10,9.939193725585938,0.00025,3777
2026-03-16T21:08:15.213589,9,72,0.0,-54.00000000000006,0.9841115531182099,0.0,0.0,0.0,0,176,40,8,10.549783706665039,0.00025,3787
2026-03-16T21:08:15.879476,9,82,0.0,-54.00000000000006,0.9841115531182099,0.0,0.0,0.0,0,176,40,6,10.931730270385742,0.00025,3797
2026-03-16T21:08:16.545178,9,92,0.0,-54.00000000000006,0.9841115531182099,0.0,0.0,0.0,0,176,40,6,11.673212051391602,0.00025,3807
2026-03-16T21:08:17.211855,9,102,0.0,-54.00000000000006,0.9841115531182099,0.0,0.0,0.0,0,176,40,6,12.357950210571289,0.00025,3817
2026-03-16T21:08:17.874413,9,112,0.0,-54.00000000000006,0.9841115531182099,0.0,0.0,0.0,0,176,40,5,9.097099304199219,0.00025,3827
2026-03-16T21:08:18.541800,9,122,0.0,-54.00000000000006,0.9841115531182099,0.0,0.0,0.0,0,176,40,0,10.63990592956543,0.00025,3837
2026-03-16T21:08:19.207342,9,132,0.0,-54.00000000000006,0.9841115531182099,0.0,0.0,0.0,0,168,40,0,11.293411254882812,0.00025,3847
2026-03-16T21:08:19.870642,9,142,0.0,-54.00000000000006,0.9841115531182099,0.0,0.0,0.0,0,176,40,4,8.502721786499023,0.00025,3857
2026-03-16T21:08:20.537765,9,152,-0.1,-54.00000000000006,0.9841115531182099,0.0,0.0,0.0,0,138,40,1,9.269952774047852,0.00025,3867
2026-03-16T21:08:21.203996,9,162,0.0,-54.00000000000006,0.9841115531182099,0.0,0.0,0.0,0,147,40,11,10.992288589477539,0.00025,3877
2026-03-16T21:08:21.872224,9,172,0.0,-54.00000000000006,0.9841115531182099,0.0,0.0,0.0,0,149,40,4,13.23080062866211,0.00025,3887
2026-03-16T21:08:22.533242,9,182,0.0,-54.00000000000006,0.9841115531182099,0.0,0.0,0.0,0,147,40,5,8.970260620117188,0.00025,3897
2026-03-16T21:08:23.200333,9,192,0.0,-54.00000000000006,0.9841115531182099,0.0,0.0,0.0,0,176,40,6,10.893821716308594,0.00025,3907
2026-03-16T21:08:23.867094,9,202,0.0,-54.00000000000006,0.9841115531182099,0.0,0.0,0.0,0,173,40,5,9.036064147949219,0.00025,3917
2026-03-16T21:08:24.528453,9,212,0.0,-54.00000000000006,0.9841115531182099,0.0,0.0,0.0,0,147,40,5,7.747650146484375,0.00025,3927
2026-03-16T21:08:25.197555,9,222,0.0,-53.60000000000005,0.9841115531182099,0.0,0.0,0.0,4,149,40,5,11.762142181396484,0.00025,3937
2026-03-16T21:08:25.862115,9,232,0.0,-54.00000000000006,0.9841115531182099,0.0,0.0,0.0,0,176,40,5,9.776592254638672,0.00025,3947
2026-03-16T21:08:26.527183,9,242,0.0,-54.00000000000006,0.9841115531182099,0.0,0.0,0.0,0,160,40,10,9.578227996826172,0.00025,3957
2026-03-16T21:08:27.193812,9,252,0.0,-54.00000000000006,0.9841115531182099,0.0,0.0,0.0,0,149,40,8,10.950088500976562,0.00025,3967
2026-03-16T21:08:27.859986,9,262,0.0,-54.00000000000006,0.9841115531182099,0.0,0.0,0.0,0,135,40,8,11.641263961791992,0.00025,3977
2026-03-16T21:08:28.521561,9,272,0.0,-54.00000000000006,0.9841115531182099,0.0,0.0,0.0,0,173,40,6,8.001565933227539,0.00025,3987
2026-03-16T21:08:29.192871,9,282,0.0,-53.800000000000054,0.9841115531182099,0.0,0.0,0.0,2,176,40,7,12.163639068603516,0.00025,3997
2026-03-16T21:08:29.854044,9,292,0.0,-54.00000000000006,0.9841115531182099,0.0,0.0,0.0,0,149,40,6,8.182287216186523,0.00025,4007
2026-03-16T21:08:30.519117,9,302,0.0,-53.900000000000055,0.9841115531182099,0.0,0.0,0.0,1,149,40,2,8.416175842285156,0.00025,4017
2026-03-16T21:08:31.184955,9,312,0.0,-54.00000000000006,0.9841115531182099,0.0,0.0,0.0,0,149,40,1,8.807659149169922,0.00025,4027
2026-03-16T21:08:31.852713,9,322,0.0,-54.00000000000006,0.9841115531182099,0.0,0.0,0.0,0,157,40,5,9.999752044677734,0.00025,4037
2026-03-16T21:08:32.517935,9,332,0.0,-54.00000000000006,0.9841115531182099,0.0,0.0,0.0,0,176,40,2,10.703325271606445,0.00025,4047
2026-03-16T21:08:33.184068,9,342,0.0,-54.00000000000006,0.9841115531182099,0.0,0.0,0.0,0,173,40,11,10.870695114135742,0.00025,4057
2026-03-16T21:08:33.852464,9,352,0.0,-54.00000000000006,0.9841115531182099,0.0,0.0,0.0,0,168,40,10,13.210296630859375,0.00025,4067
2026-03-16T21:08:34.518051,9,362,0.0,-54.00000000000006,0.9841115531182099,0.0,0.0,0.0,0,173,40,10,14.240264892578125,0.00025,4077
2026-03-16T21:08:35.189109,9,372,0.0,-54.00000000000006,0.9841115531182099,0.0,0.0,0.0,0,157,40,1,17.894983291625977,0.00025,4087
2026-03-16T21:08:35.847948,9,382,0.0,-53.900000000000055,0.9841115531182099,0.0,0.0,0.0,1,176,40,8,10.969161987304688,0.00025,4097
2026-03-16T21:08:36.508224,9,392,0.0,-53.900000000000055,0.9841115531182099,0.0,0.0,0.0,1,149,40,6,7.42650032043457,0.00025,4107
2026-03-16T21:08:37.180158,9,402,0.0,-54.00000000000006,0.9841115531182099,0.0,0.0,0.0,0,145,40,8,12.054920196533203,0.00025,4117
2026-03-16T21:08:37.843139,9,412,0.0,-54.00000000000006,0.9841115531182099,0.0,0.0,0.0,0,145,40,2,10.779142379760742,0.00025,4127
2026-03-16T21:08:38.508459,9,422,-0.1,-53.70000000000005,0.9841115531182099,0.0,0.0,0.0,3,176,40,11,8.719205856323242,0.00025,4137
2026-03-16T21:08:39.178392,9,432,0.0,-54.00000000000006,0.9841115531182099,0.0,0.0,0.0,0,149,40,11,14.290809631347656,0.00025,4147
2026-03-16T21:08:39.841608,9,442,0.0,-54.00000000000006,0.9841115531182099,0.0,0.0,0.0,0,157,40,7,12.29238510131836,0.00025,4157
2026-03-16T21:08:40.502507,9,452,0.0,-54.00000000000006,0.9841115531182099,0.0,0.0,0.0,0,173,40,11,8.06736946105957,0.00025,4167
2026-03-16T21:08:41.172882,9,462,0.0,-53.900000000000055,0.9841115531182099,0.0,0.0,0.0,1,160,40,6,12.387514114379883,0.00025,4177
2026-03-16T21:08:41.833708,9,472,0.0,-54.00000000000006,0.9841115531182099,0.0,0.0,0.0,0,147,40,8,8.774280548095703,0.00025,4187
2026-03-16T21:08:43.017935,10,6,0.0,-50.70000000000001,0.9821433300119734,0.0,0.0,0.0,33,147,40,6,9.701728820800781,0.00025,4197
2026-03-16T21:08:43.684037,10,16,0.0,-51.90000000000003,0.9821433300119734,0.0,0.0,0.0,21,173,40,2,10.854721069335938,0.00025,4207
2026-03-16T21:08:44.353259,10,26,0.0,-54.00000000000006,0.9821433300119734,0.0,0.0,0.0,0,176,40,6,12.298822402954102,0.00025,4217
2026-03-16T21:08:45.015538,10,36,0.0,-54.00000000000006,0.9821433300119734,0.0,0.0,0.0,0,173,40,0,9.297847747802734,0.00025,4227
2026-03-16T21:08:45.681461,10,46,0.0,-54.00000000000006,0.9821433300119734,0.0,0.0,0.0,0,160,40,11,11.927127838134766,0.00025,4237
2026-03-16T21:08:46.350365,10,56,0.0,-54.00000000000006,0.9821433300119734,0.0,0.0,0.0,0,145,40,5,13.356447219848633,0.00025,4247
2026-03-16T21:08:47.011336,10,66,0.0,-54.00000000000006,0.9821433300119734,0.0,0.0,0.0,0,157,40,6,10.381460189819336,0.00025,4257
2026-03-16T21:08:47.679857,10,76,0.0,-54.00000000000006,0.9821433300119734,0.0,0.0,0.0,0,147,40,6,12.986898422241211,0.00025,4267
2026-03-16T21:08:48.342206,10,86,0.0,-54.00000000000006,0.9821433300119734,0.0,0.0,0.0,0,176,40,11,10.120630264282227,0.00025,4277
2026-03-16T21:08:49.008772,10,96,0.0,-54.00000000000006,0.9821433300119734,0.0,0.0,0.0,0,176,40,6,10.218620300292969,0.00025,4287
2026-03-16T21:08:49.675720,10,106,0.0,-53.900000000000055,0.9821433300119734,0.0,0.0,0.0,1,176,40,6,11.497974395751953,0.00025,4297
2026-03-16T21:08:50.338744,10,116,0.0,-53.800000000000054,0.9821433300119734,0.0,0.0,0.0,2,160,40,2,10.84280014038086,0.00025,4307
2026-03-16T21:08:51.010528,10,126,0.0,-54.00000000000006,0.9821433300119734,0.0,0.0,0.0,0,160,40,8,12.76087760925293,0.00025,4317
2026-03-16T21:08:51.673923,10,136,0.0,-54.00000000000006,0.9821433300119734,0.0,0.0,0.0,0,176,40,2,15.133380889892578,0.00025,4327
2026-03-16T21:08:52.337633,10,146,0.0,-54.00000000000006,0.9821433300119734,0.0,0.0,0.0,0,176,40,8,11.471271514892578,0.00025,4337
2026-03-16T21:08:53.005076,10,156,0.0,-54.00000000000006,0.9821433300119734,0.0,0.0,0.0,0,160,40,6,12.850522994995117,0.00025,4347
2026-03-16T21:08:53.674994,10,166,0.0,-54.00000000000006,0.9821433300119734,0.0,0.0,0.0,0,160,40,10,17.293453216552734,0.00025,4357
2026-03-16T21:08:54.335276,10,176,0.0,-54.00000000000006,0.9821433300119734,0.0,0.0,0.0,0,164,40,5,12.15219497680664,0.00025,4367
2026-03-16T21:08:54.997771,10,186,0.0,-54.00000000000006,0.9821433300119734,0.0,0.0,0.0,0,176,40,11,10.683774948120117,0.00025,4377
2026-03-16T21:08:55.664855,10,196,0.0,-54.00000000000006,0.9821433300119734,0.0,0.0,0.0,0,176,40,5,11.858224868774414,0.00025,4387
2026-03-16T21:08:56.333924,10,206,0.0,-54.00000000000006,0.9821433300119734,0.0,0.0,0.0,0,173,40,0,12.319803237915039,0.00025,4397
2026-03-16T21:08:56.995549,10,216,0.0,-54.00000000000006,0.9821433300119734,0.0,0.0,0.0,0,176,40,10,9.56869125366211,0.00025,4407
2026-03-16T21:08:57.660407,10,226,0.0,-54.00000000000006,0.9821433300119734,0.0,0.0,0.0,0,157,40,5,11.735200881958008,0.00025,4417
2026-03-16T21:08:58.327150,10,236,0.0,-54.00000000000006,0.9821433300119734,0.0,0.0,0.0,0,176,40,5,12.284040451049805,0.00025,4427
2026-03-16T21:08:58.991922,10,246,0.0,-54.00000000000006,0.9821433300119734,0.0,0.0,0.0,0,176,40,8,11.78431510925293,0.00025,4437
2026-03-16T21:08:59.658576,10,256,0.0,-54.00000000000006,0.9821433300119734,0.0,0.0,0.0,0,176,40,0,12.613534927368164,0.00025,4447
2026-03-16T21:09:00.324030,10,266,0.0,-54.00000000000006,0.9821433300119734,0.0,0.0,0.0,0,147,40,11,11.000394821166992,0.00025,4457
2026-03-16T21:09:00.992517,10,276,0.0,-54.00000000000006,0.9821433300119734,0.0,0.0,0.0,0,149,40,5,12.638568878173828,0.00025,4467
2026-03-16T21:09:01.654527,10,286,0.0,-54.00000000000006,0.9821433300119734,0.0,0.0,0.0,0,157,40,5,11.925458908081055,0.00025,4477
2026-03-16T21:09:02.319855,10,296,0.0,-54.00000000000006,0.9821433300119734,0.0,0.0,0.0,0,152,40,8,10.754823684692383,0.00025,4487
2026-03-16T21:09:02.985501,10,306,0.0,-54.00000000000006,0.9821433300119734,0.0,0.0,0.0,0,168,40,6,11.375188827514648,0.00025,4497
2026-03-16T21:09:03.654408,10,316,0.0,-54.00000000000006,0.9821433300119734,0.0,0.0,0.0,0,176,40,11,15.300989151000977,0.00025,4507
2026-03-16T21:09:04.337362,10,326,0.0,-54.00000000000006,0.9821433300119734,0.0,0.0,0.0,0,147,40,5,13.947725296020508,0.00025,4517
2026-03-16T21:09:04.998313,10,336,0.0,-54.00000000000006,0.9821433300119734,0.0,0.0,0.0,0,149,40,8,11.335611343383789,0.00025,4527
2026-03-16T21:09:05.667726,10,346,0.0,-54.00000000000006,0.9821433300119734,0.0,0.0,0.0,0,147,40,8,13.665437698364258,0.00025,4537
2026-03-16T21:09:06.331096,10,356,0.0,-54.00000000000006,0.9821433300119734,0.0,0.0,0.0,0,157,40,5,11.080265045166016,0.00025,4547
2026-03-16T21:09:07.003726,10,366,0.0,-54.00000000000006,0.9821433300119734,0.0,0.0,0.0,0,152,40,6,15.80810546875,0.00025,4557
2026-03-16T21:09:07.660040,10,376,0.0,-54.00000000000006,0.9821433300119734,0.0,0.0,0.0,0,176,40,5,8.878707885742188,0.00025,4567
2026-03-16T21:09:08.329390,10,386,0.0,-54.00000000000006,0.9821433300119734,0.0,0.0,0.0,0,160,40,8,14.78266716003418,0.00025,4577
2026-03-16T21:09:08.993444,10,396,0.0,-54.00000000000006,0.9821433300119734,0.0,0.0,0.0,0,138,40,5,11.456966400146484,0.00025,4587
2026-03-16T21:09:09.658784,10,406,0.0,-54.00000000000006,0.9821433300119734,0.0,0.0,0.0,0,176,40,8,12.187957763671875,0.00025,4597
2026-03-16T21:09:10.326664,10,416,0.0,-54.00000000000006,0.9821433300119734,0.0,0.0,0.0,0,176,40,6,12.983322143554688,0.00025,4607
2026-03-16T21:09:10.991535,10,426,0.0,-54.00000000000006,0.9821433300119734,0.0,0.0,0.0,0,176,40,8,13.049840927124023,0.00025,4617
2026-03-16T21:09:11.659663,10,436,0.0,-53.900000000000055,0.9821433300119734,0.0,0.0,0.0,1,157,40,8,13.9923095703125,0.00025,4627
2026-03-16T21:09:12.323038,10,446,0.0,-54.00000000000006,0.9821433300119734,0.0,0.0,0.0,0,145,40,8,13.191699981689453,0.00025,4637
2026-03-16T21:09:13.486083,11,4,0.0,-50.50000000000001,0.9801790433519495,0.0,0.0,0.0,35,153,40,8,11.282920837402344,0.00025,4647
2026-03-16T21:09:14.152433,11,14,-0.1,-52.400000000000034,0.9801790433519495,0.0,0.0,0.0,16,157,40,0,13.344049453735352,0.00025,4657
2026-03-16T21:09:14.816662,11,24,0.0,-54.00000000000006,0.9801790433519495,0.0,0.0,0.0,0,160,40,5,12.449026107788086,0.00025,4667
2026-03-16T21:09:15.481910,11,34,0.0,-54.00000000000006,0.9801790433519495,0.0,0.0,0.0,0,160,40,11,12.397289276123047,0.00025,4677
2026-03-16T21:09:16.147148,11,44,0.0,-54.00000000000006,0.9801790433519495,0.0,0.0,0.0,0,176,40,10,11.141777038574219,0.00025,4687
2026-03-16T21:09:16.811289,11,54,0.0,-54.00000000000006,0.9801790433519495,0.0,0.0,0.0,0,149,40,6,10.547637939453125,0.00025,4697
2026-03-16T21:09:17.479353,11,64,0.0,-54.00000000000006,0.9801790433519495,0.0,0.0,0.0,0,149,40,8,11.588335037231445,0.00025,4707
2026-03-16T21:09:18.150686,11,74,0.0,-54.00000000000006,0.9801790433519495,0.0,0.0,0.0,0,157,40,8,15.010356903076172,0.00025,4717
2026-03-16T21:09:18.811829,11,84,0.0,-54.00000000000006,0.9801790433519495,0.0,0.0,0.0,0,147,40,6,13.978719711303711,0.00025,4727
2026-03-16T21:09:19.478319,11,94,0.0,-54.00000000000006,0.9801790433519495,0.0,0.0,0.0,0,176,40,8,11.754274368286133,0.00025,4737
2026-03-16T21:09:20.141088,11,104,0.0,-54.00000000000006,0.9801790433519495,0.0,0.0,0.0,0,176,40,11,11.222124099731445,0.00025,4747
2026-03-16T21:09:20.806469,11,114,0.0,-54.00000000000006,0.9801790433519495,0.0,0.0,0.0,0,176,40,11,12.220621109008789,0.00025,4757
2026-03-16T21:09:21.472304,11,124,0.0,-53.900000000000055,0.9801790433519495,0.0,0.0,0.0,1,165,40,0,12.063980102539062,0.00025,4767
2026-03-16T21:09:22.140243,11,134,0.0,-54.00000000000006,0.9801790433519495,0.0,0.0,0.0,0,176,40,10,12.363910675048828,0.00025,4777
2026-03-16T21:09:22.807146,11,144,0.0,-54.00000000000006,0.9801790433519495,0.0,0.0,0.0,0,176,40,8,11.717796325683594,0.00025,4787
2026-03-16T21:09:23.467392,11,154,0.0,-54.00000000000006,0.9801790433519495,0.0,0.0,0.0,0,146,40,11,11.291742324829102,0.00025,4797
2026-03-16T21:09:24.151684,11,164,0.0,-54.00000000000006,0.9801790433519495,0.0,0.0,0.0,0,160,40,10,11.161327362060547,0.00025,4807
2026-03-16T21:09:24.814915,11,174,0.0,-54.00000000000006,0.9801790433519495,0.0,0.0,0.0,0,145,40,6,10.42032241821289,0.00025,4817
2026-03-16T21:09:25.482360,11,184,0.0,-54.00000000000006,0.9801790433519495,0.0,0.0,0.0,0,157,40,5,11.051654815673828,0.00025,4827
2026-03-16T21:09:26.154413,11,194,0.0,-54.00000000000006,0.9801790433519495,0.0,0.0,0.0,0,176,40,5,16.560077667236328,0.00025,4837
2026-03-16T21:09:26.812127,11,204,0.0,-54.00000000000006,0.9801790433519495,0.0,0.0,0.0,0,147,40,11,11.607170104980469,0.00025,4847
2026-03-16T21:09:27.482241,11,214,0.0,-54.00000000000006,0.9801790433519495,0.0,0.0,0.0,0,147,40,11,13.877391815185547,0.00025,4857
2026-03-16T21:09:28.146558,11,224,0.0,-54.00000000000006,0.9801790433519495,0.0,0.0,0.0,0,147,40,10,11.281490325927734,0.00025,4867
2026-03-16T21:09:28.811786,11,234,0.0,-54.00000000000006,0.9801790433519495,0.0,0.0,0.0,0,148,40,8,13.002872467041016,0.00025,4877
2026-03-16T21:09:29.478268,11,244,0.0,-54.00000000000006,0.9801790433519495,0.0,0.0,0.0,0,176,40,6,11.551380157470703,0.00025,4887
2026-03-16T21:09:30.142847,11,254,0.0,-54.00000000000006,0.9801790433519495,0.0,0.0,0.0,0,176,40,8,12.84933090209961,0.00025,4897
2026-03-16T21:09:30.805967,11,264,0.0,-53.900000000000055,0.9801790433519495,0.0,0.0,0.0,1,149,40,11,9.645462036132812,0.00025,4907
2026-03-16T21:09:31.471616,11,274,0.0,-54.00000000000006,0.9801790433519495,0.0,0.0,0.0,0,176,40,6,11.90948486328125,0.00025,4917
2026-03-16T21:09:32.138939,11,284,0.0,-54.00000000000006,0.9801790433519495,0.0,0.0,0.0,0,157,40,8,13.542890548706055,0.00025,4927
2026-03-16T21:09:32.806010,11,294,0.0,-54.00000000000006,0.9801790433519495,0.0,0.0,0.0,0,157,40,6,14.883041381835938,0.00025,4937
2026-03-16T21:09:33.469895,11,304,0.0,-54.00000000000006,0.9801790433519495,0.0,0.0,0.0,0,145,40,0,11.986017227172852,0.00025,4947
2026-03-16T21:09:34.136121,11,314,0.0,-54.00000000000006,0.9801790433519495,0.0,0.0,0.0,0,176,40,1,11.757850646972656,0.00025,4957
2026-03-16T21:09:34.807587,11,324,0.0,-54.00000000000006,0.9801790433519495,0.0,0.0,0.0,0,144,40,6,17.826080322265625,0.00025,4967
2026-03-16T21:09:35.469577,11,334,0.0,-54.00000000000006,0.9801790433519495,0.0,0.0,0.0,0,157,40,6,11.974334716796875,0.00025,4977
2026-03-16T21:09:36.132143,11,344,0.0,-54.00000000000006,0.9801790433519495,0.0,0.0,0.0,0,149,40,6,10.694503784179688,0.00025,4987
2026-03-16T21:09:36.797686,11,354,0.1,-53.900000000000055,0.9801790433519495,0.0,0.0,0.0,1,140,40,5,9.830474853515625,0.00025,4997
2026-03-16T21:09:37.465173,11,364,0.0,-54.00000000000006,0.9801790433519495,0.0,0.0,0.0,0,145,40,6,13.300657272338867,0.00025,5007
2026-03-16T21:09:38.129537,11,374,0.0,-53.900000000000055,0.9801790433519495,0.0,0.0,0.0,1,152,40,10,11.37852668762207,0.00025,5017
2026-03-16T21:09:38.795941,11,384,0.0,-54.00000000000006,0.9801790433519495,0.0,0.0,0.0,0,147,40,0,11.752605438232422,0.00025,5027
2026-03-16T21:09:39.457762,11,394,0.0,-54.00000000000006,0.9801790433519495,0.0,0.0,0.0,0,152,40,8,11.171102523803711,0.00025,5037
2026-03-16T21:09:40.127923,11,404,0.0,-54.00000000000006,0.9801790433519495,0.0,0.0,0.0,0,138,40,6,12.237071990966797,0.00025,5047
2026-03-16T21:09:40.790006,11,414,0.0,-54.00000000000006,0.9801790433519495,0.0,0.0,0.0,0,149,40,5,12.484073638916016,0.00025,5057
2026-03-16T21:09:41.455664,11,424,0.0,-54.00000000000006,0.9801790433519495,0.0,0.0,0.0,0,176,40,11,11.538028717041016,0.00025,5067
2026-03-16T21:09:42.125535,11,434,0.0,-54.00000000000006,0.9801790433519495,0.0,0.0,0.0,0,176,40,8,13.049125671386719,0.00025,5077
2026-03-16T21:09:42.788237,11,444,0.0,-54.00000000000006,0.9801790433519495,0.0,0.0,0.0,0,173,40,2,12.909889221191406,0.00025,5087
2026-03-16T21:09:43.981348,12,2,0.0,-50.0,0.9782186852652456,0.0,0.0,0.0,40,176,40,5,8.636951446533203,0.00025,5097
2026-03-16T21:09:44.648780,12,12,0.0,-54.00000000000006,0.9782186852652456,0.0,0.0,0.0,0,137,40,8,10.361909866333008,0.00025,5107
2026-03-16T21:09:45.315298,12,22,0.0,-54.00000000000006,0.9782186852652456,0.0,0.0,0.0,0,176,40,8,12.448310852050781,0.00025,5117
2026-03-16T21:09:45.982064,12,32,0.0,-54.00000000000006,0.9782186852652456,0.0,0.0,0.0,0,168,40,11,12.31837272644043,0.00025,5127
2026-03-16T21:09:46.646085,12,42,0.0,-54.00000000000006,0.9782186852652456,0.0,0.0,0.0,0,149,40,8,11.16323471069336,0.00025,5137
2026-03-16T21:09:47.316231,12,52,0.0,-54.00000000000006,0.9782186852652456,0.0,0.0,0.0,0,157,40,2,15.644073486328125,0.00025,5147
2026-03-16T21:09:47.974560,12,62,0.0,-54.00000000000006,0.9782186852652456,0.0,0.0,0.0,0,145,40,10,8.116006851196289,0.00025,5157
2026-03-16T21:09:48.643470,12,72,0.0,-53.900000000000055,0.9782186852652456,0.0,0.0,0.0,1,140,40,5,11.665105819702148,0.00025,5167
2026-03-16T21:09:49.302345,12,82,0.0,-53.60000000000005,0.9782186852652456,0.0,0.0,0.0,4,157,40,10,6.032466888427734,0.00025,5177
2026-03-16T21:09:49.971138,12,92,0.0,-54.00000000000006,0.9782186852652456,0.0,0.0,0.0,0,165,40,0,7.9250335693359375,0.00025,5187
2026-03-16T21:09:50.637678,12,102,0.0,-53.70000000000005,0.9782186852652456,0.0,0.0,0.0,3,176,40,8,9.438276290893555,0.00025,5197
2026-03-16T21:09:51.304024,12,112,0.0,-54.00000000000006,0.9782186852652456,0.0,0.0,0.0,0,176,40,8,10.944604873657227,0.00025,5207
2026-03-16T21:09:51.973490,12,122,0.0,-53.900000000000055,0.9782186852652456,0.0,0.0,0.0,1,147,40,6,13.583898544311523,0.00025,5217
2026-03-16T21:09:52.637169,12,132,0.0,-54.00000000000006,0.9782186852652456,0.0,0.0,0.0,0,157,40,10,12.78996467590332,0.00025,5227
2026-03-16T21:09:53.311418,12,142,0.0,-53.900000000000055,0.9782186852652456,0.0,0.0,0.0,1,173,40,6,21.54064178466797,0.00025,5237
2026-03-16T21:09:53.966838,12,152,0.0,-54.00000000000006,0.9782186852652456,0.0,0.0,0.0,0,173,40,4,11.149168014526367,0.00025,5247
2026-03-16T21:09:54.649450,12,162,0.0,-53.900000000000055,0.9782186852652456,0.0,0.0,0.0,1,176,40,1,16.17574691772461,0.00025,5257
2026-03-16T21:09:55.299084,12,172,0.0,-54.00000000000006,0.9782186852652456,0.0,0.0,0.0,0,173,40,11,11.94310188293457,0.00025,5267
2026-03-16T21:09:55.961985,12,182,0.0,-54.00000000000006,0.9782186852652456,0.0,0.0,0.0,0,140,40,1,9.816408157348633,0.00025,5277
2026-03-16T21:09:56.628633,12,192,0.0,-53.900000000000055,0.9782186852652456,0.0,0.0,0.0,1,157,40,8,10.853052139282227,0.00025,5287
2026-03-16T21:09:57.295274,12,202,0.0,-54.00000000000006,0.9782186852652456,0.0,0.0,0.0,0,128,40,2,10.589361190795898,0.00025,5297
2026-03-16T21:09:57.958665,12,212,0.0,-53.900000000000055,0.9782186852652456,0.0,0.0,0.0,1,149,40,2,9.532928466796875,0.00025,5307
2026-03-16T21:09:58.627630,12,222,0.0,-53.900000000000055,0.9782186852652456,0.0,0.0,0.0,1,176,40,8,11.541128158569336,0.00025,5317
2026-03-16T21:09:59.293571,12,232,0.0,-54.00000000000006,0.9782186852652456,0.0,0.0,0.0,0,145,40,5,13.487100601196289,0.00025,5327
2026-03-16T21:09:59.957223,12,242,0.0,-54.00000000000006,0.9782186852652456,0.0,0.0,0.0,0,173,40,10,11.75546646118164,0.00025,5337
2026-03-16T21:10:00.619451,12,252,0.0,-53.900000000000055,0.9782186852652456,0.0,0.0,0.0,1,176,40,10,7.739543914794922,0.00025,5347
2026-03-16T21:10:01.287528,12,262,0.0,-54.00000000000006,0.9782186852652456,0.0,0.0,0.0,0,176,40,5,9.519577026367188,0.00025,5357
2026-03-16T21:10:01.951522,12,272,0.0,-54.00000000000006,0.9782186852652456,0.0,0.0,0.0,0,138,40,6,9.513378143310547,0.00025,5367
2026-03-16T21:10:02.613183,12,282,0.0,-53.900000000000055,0.9782186852652456,0.0,0.0,0.0,1,160,40,8,4.853248596191406,0.00025,5377
2026-03-16T21:10:03.285439,12,292,0.0,-54.00000000000006,0.9782186852652456,0.0,0.0,0.0,0,145,40,5,11.268138885498047,0.00025,5387
2026-03-16T21:10:03.950900,12,302,0.0,-54.00000000000006,0.9782186852652456,0.0,0.0,0.0,0,145,40,8,12.017488479614258,0.00025,5397
2026-03-16T21:10:04.623628,12,312,0.0,-54.00000000000006,0.9782186852652456,0.0,0.0,0.0,0,157,40,2,12.022256851196289,0.00025,5407
2026-03-16T21:10:05.305271,12,322,0.0,-54.00000000000006,0.9782186852652456,0.0,0.0,0.0,0,147,40,8,11.651277542114258,0.00025,5417
2026-03-16T21:10:05.947104,12,332,0.0,-54.00000000000006,0.9782186852652456,0.0,0.0,0.0,0,149,40,8,11.932373046875,0.00025,5427
2026-03-16T21:10:06.611447,12,342,0.0,-54.00000000000006,0.9782186852652456,0.0,0.0,0.0,0,176,40,3,8.917093276977539,0.00025,5437
2026-03-16T21:10:07.279184,12,352,0.0,-54.00000000000006,0.9782186852652456,0.0,0.0,0.0,0,176,40,6,11.523008346557617,0.00025,5447
2026-03-16T21:10:07.942672,12,362,0.0,-54.00000000000006,0.9782186852652456,0.0,0.0,0.0,0,138,40,6,10.302305221557617,0.00025,5457
2026-03-16T21:10:08.607540,12,372,0.0,-54.00000000000006,0.9782186852652456,0.0,0.0,0.0,0,157,40,6,9.359121322631836,0.00025,5467
2026-03-16T21:10:09.278715,12,382,0.0,-54.00000000000006,0.9782186852652456,0.0,0.0,0.0,0,176,40,10,15.395879745483398,0.00025,5477
2026-03-16T21:10:09.939677,12,392,0.0,-53.900000000000055,0.9782186852652456,0.0,0.0,0.0,1,176,40,5,11.121034622192383,0.00025,5487
2026-03-16T21:10:10.608279,12,402,0.0,-54.00000000000006,0.9782186852652456,0.0,0.0,0.0,0,176,40,6,12.941122055053711,0.00025,5497
2026-03-16T21:10:11.271754,12,412,0.0,-53.70000000000005,0.9782186852652456,0.0,0.0,0.0,3,176,40,5,11.544942855834961,0.00025,5507
2026-03-16T21:10:11.935874,12,422,0.0,-54.00000000000006,0.9782186852652456,0.0,0.0,0.0,0,176,40,10,9.704113006591797,0.00025,5517
2026-03-16T21:10:12.600751,12,432,0.0,-54.00000000000006,0.9782186852652456,0.0,0.0,0.0,0,160,40,1,9.135007858276367,0.00025,5527
2026-03-16T21:10:13.264453,12,442,0.0,-54.00000000000006,0.9782186852652456,0.0,0.0,0.0,0,176,40,10,7.342815399169922,0.00025,5537
2026-03-16T21:10:13.932697,12,452,0.0,-54.00000000000006,0.9782186852652456,0.0,0.0,0.0,0,160,40,10,9.559154510498047,0.00025,5547
2026-03-16T21:10:14.599409,12,462,0.0,-54.00000000000006,0.9782186852652456,0.0,0.0,0.0,0,138,40,2,11.101484298706055,0.00025,5557
2026-03-16T21:10:15.782097,13,8,-0.2,-53.40000000000005,0.976262247894715,0.0,0.0,0.0,6,176,40,8,12.88461685180664,0.00025,5567
2026-03-16T21:10:16.445918,13,18,0.0,-54.00000000000006,0.976262247894715,0.0,0.0,0.0,0,176,40,10,11.400938034057617,0.00025,5577
2026-03-16T21:10:17.111154,13,28,0.0,-53.70000000000005,0.976262247894715,0.0,0.0,0.0,3,176,40,6,10.581016540527344,0.00025,5587
2026-03-16T21:10:17.775496,13,38,0.0,-53.800000000000054,0.976262247894715,0.0,0.0,0.0,2,146,40,2,8.348703384399414,0.00025,5597
2026-03-16T21:10:18.444945,13,48,0.0,-54.00000000000006,0.976262247894715,0.0,0.0,0.0,0,135,40,6,11.713743209838867,0.00025,5607
2026-03-16T21:10:19.107725,13,58,0.1,-53.900000000000055,0.976262247894715,0.0,0.0,0.0,1,176,40,8,10.965347290039062,0.00025,5617
2026-03-16T21:10:19.772592,13,68,0.0,-54.00000000000006,0.976262247894715,0.0,0.0,0.0,0,152,40,10,9.114980697631836,0.00025,5627
2026-03-16T21:10:20.438852,13,78,0.0,-54.00000000000006,0.976262247894715,0.0,0.0,0.0,0,152,40,5,9.637117385864258,0.00025,5637
2026-03-16T21:10:21.104684,13,88,0.0,-53.900000000000055,0.976262247894715,0.0,0.0,0.0,1,176,40,10,11.341094970703125,0.00025,5647
2026-03-16T21:10:21.770247,13,98,0.0,-54.00000000000006,0.976262247894715,0.0,0.0,0.0,0,176,40,6,11.065959930419922,0.00025,5657
2026-03-16T21:10:22.435823,13,108,0.0,-53.60000000000005,0.976262247894715,0.0,0.0,0.0,4,163,40,6,11.354684829711914,0.00025,5667
2026-03-16T21:10:23.099320,13,118,0.0,-54.00000000000006,0.976262247894715,0.0,0.0,0.0,0,145,40,11,8.514642715454102,0.00025,5677
2026-03-16T21:10:23.763739,13,128,0.0,-54.00000000000006,0.976262247894715,0.0,0.0,0.0,0,147,40,6,7.477760314941406,0.00025,5687
2026-03-16T21:10:24.434628,13,138,0.0,-54.00000000000006,0.976262247894715,0.0,0.0,0.0,0,152,40,6,12.503623962402344,0.00025,5697
2026-03-16T21:10:25.097527,13,148,0.0,-54.00000000000006,0.976262247894715,0.0,0.0,0.0,0,176,40,5,10.396003723144531,0.00025,5707
2026-03-16T21:10:25.763281,13,158,0.0,-54.00000000000006,0.976262247894715,0.0,0.0,0.0,0,176,40,5,10.243654251098633,0.00025,5717
2026-03-16T21:10:26.443594,13,168,0.0,-53.900000000000055,0.976262247894715,0.0,0.0,0.0,1,145,40,6,8.709907531738281,0.00025,5727
2026-03-16T21:10:27.114889,13,178,0.0,-54.00000000000006,0.976262247894715,0.0,0.0,0.0,0,138,40,10,13.133525848388672,0.00025,5737
